id,domain,status,purchase_price,renewal_price,attractiveness,demand,length,registrar,created_at,expires_at,status_verified_at
8f2a5835-295c-4d7a-b6a4-fcf211e6c480,iaa.wtf,available,7.49,36.49,medium,low,3,namesilo,,,17/09/2026 07:22
f32c982f-b924-4417-9dea-03c02c67fa47,careful.wtf,available,7.49,36.49,high,low,7,namesilo,,,23/09/2026 12:50
e52ce7a4-7f9c-4372-b3a7-c66603931285,devote.wtf,available,7.49,36.49,high,low,6,namesilo,,,27/09/2026 06:58
ba47e789-02cf-4118-afdc-f8ed98106610,squawk.wtf,available,2.98,49.48,high,low,6,namecheap,,,23/09/2026 00:25
cc80462c-e5a2-4b30-ba13-728a363b7750,attach.wtf,available,2.98,49.48,high,low,6,namecheap,,,23/09/2026 19:57
e15c94e6-d40e-40e5-82c7-f8ec28daf8ab,ayrshire.wtf,available,7.49,36.49,high,low,8,namesilo,,,21/09/2026 10:44
ff7ed076-dc67-4243-af6c-e8d63357484b,worry.wtf,available,5.99,,high,low,5,name.com,,,
ef91d802-9d9e-43ef-afc7-9c98497d9b35,peirce.wtf,available,7.49,36.49,high,low,6,namesilo,,,23/09/2026 08:23
cfaa9f30-f449-4005-b6d1-69ba2ae19da0,lawfully.wtf,available,3.99,46.99,medium,low,8,name.com,,,13/08/2026 19:09
added5a9-1af5-4e28-91b8-22cdf31e7d84,explains.wtf,available,2.98,49.48,medium,low,8,namecheap,,,19/09/2026 21:05
6c563ffc-7729-4675-b7b1-abd2c703884a,ambages.wtf,available,7.49,36.49,medium,low,7,namesilo,,,18/09/2026 16:24
98d7b10b-79fa-4953-a8b4-263f5bdb7573,confines.wtf,available,7.49,36.49,high,low,8,namesilo,,,24/09/2026 17:13
e0ccc5a3-e41f-4180-a207-c82f49d0e672,backstroke.wtf,available,7.49,36.49,high,low,10,namesilo,,,21/09/2026 16:09
250a4271-d475-4027-b395-29de0dc5443d,eventful.wtf,available,2.98,49.48,high,low,8,namecheap,,,12/08/2026 22:36
4782c07d-fbe7-41da-a87c-733b82a775c5,enlarged.wtf,available,7.49,36.49,high,low,8,namesilo,,,22/09/2026 22:37
ccec243b-8337-497f-956a-fc77321a592a,nighted.wtf,available,2.98,49.48,low,low,7,namecheap,,,09/08/2026 14:33
c7a99428-2632-4601-8dbd-923a1b88b19c,answerer.wtf,available,7.49,36.49,medium,low,8,namesilo,,,19/09/2026 12:14
0d4e5021-2832-4612-8b77-43846bc62595,ataturk.wtf,available,3.99,46.99,high,low,7,name.com,,,20/09/2026 19:44
8b9d31e5-a4dd-4984-90b4-a5ffe0f51f21,appetiser.wtf,available,2.98,49.48,high,low,9,namecheap,,,19/09/2026 20:48
3a2a6d32-3a7a-4c99-b625-ab2d0f594c9d,vacuum.wtf,available,5.99,,high,low,6,name.com,,,
7781cd3a-667d-4457-8674-51449a55eeb7,sourish.wtf,available,2.98,49.48,medium,low,7,namecheap,,,22/08/2026 23:29
2d84df72-aa24-4bc8-ab32-2576d4c1d66e,thankful.wtf,available,7.49,36.49,high,low,8,namesilo,,,24/09/2026 22:54
d81cd7e8-8edc-48ed-a1b2-4823113760c1,bendable.wtf,available,2.98,49.48,medium,low,8,namecheap,,,09/08/2026 14:07
c0662999-f07d-480c-a752-2bbeee7bac3b,casserole.wtf,available,7.49,36.49,high,low,9,namesilo,,,24/09/2026 13:04
9b8a91ab-9e38-4ff8-bfa2-a9a7d3148c40,trivial.wtf,available,2.98,49.48,high,low,7,namecheap,,,24/09/2026 17:54
79b9adf9-5720-4a81-a9bd-4702b884b7f8,blende.wtf,available,7.49,36.49,medium,low,6,namesilo,,,24/09/2026 05:43
675c432a-0f08-4c36-86d3-b45b99a5050c,bja.wtf,available,7.49,36.49,medium,low,3,namesilo,,,23/09/2026 23:24
21638077-3a37-4d0e-80bd-b68048addcde,order.wtf,resell,,,high,medium,5,"Sav.com, LLC - 42",27/02/2026 15:15,27/02/2027 15:15,26/09/2026 07:56
b95047f9-0d4b-4659-b69d-a65c326be69d,lowly.wtf,available,2.98,49.48,medium,low,5,namecheap,,,08/08/2026 21:38
39644b98-a77b-4698-8aa9-e8ee399cecb8,moving.wtf,resell,,,high,low,6,"Sav.com, LLC - 16",21/08/2025 15:15,21/08/2027 15:15,26/09/2026 07:40
ac7472fd-d483-4562-bab3-573c6be33d2b,occur.wtf,available,5.99,,high,low,5,name.com,,,
5115d57c-fb7b-44ca-af7c-d8ae5cdf5c13,idly.wtf,available,2.98,49.48,high,low,4,namecheap,,,15/09/2026 01:38
10af964c-a36d-4b28-b7f1-4569034c8c62,crowded.wtf,available,7.49,36.49,high,low,7,namesilo,,,24/09/2026 02:10
f65e4445-a092-4f30-9e82-bfb5c700b678,proceeded.wtf,available,2.98,49.48,medium,low,9,namecheap,,,18/09/2026 01:36
3cf466e7-76f1-41dc-83f5-9ce52475e880,uncovered.wtf,available,2.98,49.48,high,low,9,namecheap,,,12/09/2026 06:20
d9549032-c83b-4a8e-9bd4-c60f7b9954f3,tanning.wtf,available,2.98,49.48,high,low,7,namecheap,,,22/08/2026 20:14
7488dab6-6993-45f1-a7ae-30c0b67e691b,occluded.wtf,available,2.98,49.48,medium,low,8,namecheap,,,04/09/2026 00:12
9a54204f-31c5-4101-b154-d32258d48e65,divided.wtf,available,2.98,49.48,medium,low,7,namecheap,,,14/08/2026 13:42
e5d5ed7a-aadb-4aad-87d4-4eed73ae2310,panoptic.wtf,available,2.98,49.48,medium,low,8,namecheap,,,
18a4754e-47d2-4f84-8b90-2022acb44ca2,piebald.wtf,available,2.98,49.48,medium,low,7,namecheap,,,03/09/2026 10:37
2f948271-63f0-4f29-a68c-7b6f6f52a831,restive.wtf,available,2.98,49.48,medium,low,7,namecheap,,,15/08/2026 09:28
e11f1327-4fbc-49d8-9174-7f96ea635e94,experienced.wtf,available,5.99,,high,low,11,name.com,,,
57cd7cb3-cfea-4b1a-8cb0-89df47110384,untamed.wtf,available,2.98,49.48,medium,low,7,namecheap,,,12/09/2026 20:55
e7b56fb9-1dfb-4723-96f1-5504e00178bf,aggregate.wtf,available,2.98,49.48,high,low,9,namecheap,,,
28b49df9-ee6a-4e7b-9f0a-e65153dd4a0d,hiatus.wtf,available,7.49,36.49,high,low,6,namesilo,,,16/09/2026 14:09
82b8ed68-ddf0-46e1-9841-e110b499a97c,clubable.wtf,available,2.98,49.48,medium,low,8,namecheap,,,12/08/2026 12:57
492c9597-5199-416a-aa98-1ccbfb09c268,unsparing.wtf,available,2.98,49.48,high,low,9,namecheap,,,22/08/2026 21:11
69c55650-566c-4998-8f0d-878d701aab5e,hither.wtf,available,2.98,49.48,medium,low,6,namecheap,,,15/09/2026 00:48
793717f1-b6d0-4684-8953-c13207e767cd,earthborn.wtf,available,2.98,49.48,medium,low,9,namecheap,,,14/08/2026 22:35
a4023f61-7196-4d4e-82ac-1b2d6f503515,endure.wtf,available,2.98,49.48,high,low,6,namecheap,,,11/08/2026 02:41
1eecc0ee-3533-40e9-a829-b7c9c24e8ff6,unheard.wtf,available,2.98,49.48,medium,low,7,namecheap,,,12/09/2026 12:10
7746b632-eaa2-407a-a44e-50d4606fa72d,thaw.wtf,available,2.98,49.48,high,low,4,namecheap,,,24/08/2026 19:45
597a2284-6022-4289-b759-3723e4d427ba,esfahan.wtf,available,7.49,36.49,medium,low,7,namesilo,,,20/09/2026 14:33
41f57402-ee2f-4e35-b55d-9e2758a6f775,wedged.wtf,available,2.98,49.48,medium,low,6,namecheap,,,21/08/2026 21:38
8949a9cd-fda3-493b-b2c5-927016429bdf,tutelar.wtf,available,2.98,49.48,medium,low,7,namecheap,,,13/08/2026 12:23
8a1e8d38-7e68-4e8c-a3ac-4c490c319dda,posed.wtf,available,2.98,49.48,high,low,5,namecheap,,,09/09/2026 00:04
e8f9d683-bb8f-4c7c-8751-7a6c6a7c2947,areas.wtf,available,7.49,36.49,medium,low,5,namesilo,,,27/09/2026 10:01
0102f984-f160-47cc-89fd-d1f09039018f,loafer.wtf,available,2.98,49.48,medium,low,6,namecheap,,,14/08/2026 14:12
4c36cf6c-c082-4c5b-a289-9251c93b02e1,retaliator.wtf,available,2.98,49.48,medium,low,10,namecheap,,,21/09/2026 08:57
2d446fff-f9a7-4bd2-8a9b-f4852d7fdbb6,allgood.wtf,available,2.98,49.48,high,low,7,namecheap,,,18/09/2026 10:56
295cce5e-0ce1-43a6-804d-30c542c414f2,bechamel.wtf,available,7.49,36.49,medium,low,8,namesilo,,,22/09/2026 22:33
29033837-8e61-4f4a-9879-267f3421effe,atheism.wtf,available,2.98,49.48,high,low,7,namecheap,,,20/09/2026 20:31
de4ae389-49eb-4bf2-8cb3-44b5b56d4659,aesculus.wtf,available,7.49,36.49,medium,low,8,namesilo,,,17/09/2026 13:22
d1806628-6dd4-40b9-9b4b-dfa181503150,strapping.wtf,available,2.98,49.48,medium,low,9,namecheap,,,09/08/2026 08:02
fdbc6696-2f13-4234-be38-fac85923425f,establishment.wtf,available,5.99,,medium,low,13,name.com,,,
c18be07e-3ede-496a-bf98-361862bf9139,chicness.wtf,available,2.98,49.48,medium,low,8,namecheap,,,12/08/2026 04:44
dcc56f2d-aecf-4ce1-9338-ac9c5253c52e,pittsburgh.wtf,premium,78.54,78.54,high,low,10,namesilo,,,
6421a1c0-10ef-4a85-a56b-8e003ec9055e,croak.wtf,available,2.98,49.48,medium,low,5,namecheap,,,24/09/2026 19:33
898ca8c3-ce21-4114-a39b-250c1b7ddf61,advertence.wtf,available,7.49,36.49,medium,low,10,namesilo,,,17/09/2026 11:06
1dbbfdae-90a2-441f-961d-02ab2e9616ff,girlish.wtf,available,2.98,49.48,high,low,7,namecheap,,,18/08/2026 23:59
8c9ef239-601d-4eb0-a762-7a4964716dc8,leiden.wtf,available,7.49,36.49,high,low,6,namesilo,,,25/09/2026 23:25
5f5e71e2-8c78-44dc-9472-f0f0eccb3c0e,celebrated.wtf,available,2.98,49.48,high,low,10,namecheap,,,11/08/2026 23:10
e52854a3-fd4c-4ea9-a201-c0c462e06937,influenced.wtf,available,5.99,,high,low,10,name.com,,,
b9aac63b-b4cc-4a6b-a43e-3db5fd39fed0,windward.wtf,available,2.98,49.48,high,low,8,namecheap,,,13/09/2026 12:22
47e79b71-d934-4723-b23f-3ca469de9e6e,winking.wtf,available,2.98,49.48,high,low,7,namecheap,,,10/08/2026 14:28
3455164f-3432-4d7c-852c-2ae0c809657e,products.wtf,premium,123.75,,high,low,8,name.com,,,
a4dd745a-8918-464c-ad82-36526bf5f8b1,curving.wtf,available,2.98,49.48,high,low,7,namecheap,,,13/08/2026 11:49
85169f5a-9422-4f12-b993-a9d6fbac1bed,bivouac.wtf,available,2.98,49.48,medium,low,7,namecheap,,,11/08/2026 15:54
0fcf01b2-04f6-4323-b5dc-24e08019e924,disciple.wtf,available,2.98,49.48,high,low,8,namecheap,,,
a182d966-0a5b-4ff5-8167-93986d0442fa,azide.wtf,available,7.49,36.49,high,low,5,namesilo,,,21/09/2026 11:12
25fd00d0-7d99-4aec-8cee-b71123fc2be1,aerobe.wtf,available,7.49,36.49,medium,low,6,namesilo,,,17/09/2026 12:54
62c824c7-08e5-4153-b530-27e5a29de7fd,repentant.wtf,available,2.98,49.48,medium,low,9,namecheap,,,08/09/2026 14:32
5db05589-5c71-4d25-9c39-eebb9d36cfc0,moribund.wtf,available,2.98,49.48,medium,low,8,namecheap,,,25/08/2026 06:31
271899cd-be51-414b-bfeb-34e404c79554,secondhand.wtf,available,2.98,49.48,high,low,10,namecheap,,,10/09/2026 01:09
0e30db5c-0831-4081-9a5d-8cc9c4aa4d1a,hornless.wtf,available,2.98,49.48,medium,low,8,namecheap,,,21/08/2026 14:06
0c011883-af99-4559-b9ff-417aefa65433,stat.wtf,resell,,,high,low,4,"Sav.com, LLC - 23",20/08/2025 15:15,20/08/2027 15:15,26/09/2026 09:17
0cec93f9-ef47-410b-9889-c9d5a1284a2c,airplane.wtf,available,7.49,36.49,high,low,8,namesilo,,,27/09/2026 04:01
1bd1696b-87b1-4a94-bcf2-f19d74768720,feetfirst.wtf,available,2.98,49.48,medium,low,9,namecheap,,,14/09/2026 18:20
7db48a19-b06d-484a-96cc-25f146a23c30,ambrose.wtf,available,7.49,36.49,high,low,7,namesilo,,,18/09/2026 17:22
cea8e113-d79c-483f-a70a-64a4fb4c6205,moonshine.wtf,available,2.98,49.48,high,low,9,namecheap,,,10/08/2026 19:35
2bf6c136-88fc-44f3-a93b-5f694648a785,gradual.wtf,available,2.98,49.48,high,low,7,namecheap,,,20/08/2026 17:40
afb55795-3828-42c2-a2d8-48f277edee15,harmless.wtf,available,2.98,49.48,high,low,8,namecheap,,,21/08/2026 01:02
6633a1cf-a823-48f8-941b-c69167c73db0,trna.wtf,available,7.49,36.49,high,low,4,namesilo,,,16/09/2026 22:03
cb94b967-113f-427f-b18f-92896eeb2833,ties.wtf,available,7.49,36.49,medium,low,4,namesilo,,,17/09/2026 21:46
1dcbee97-d154-4387-a77f-8b77931e82bb,bollard.wtf,available,7.49,36.49,medium,low,7,namesilo,,,23/09/2026 22:48
d2c76cfd-bb66-4b64-b018-fcd38a87b735,appease.wtf,available,2.98,49.48,high,low,7,namecheap,,,18/08/2026 22:08
208dc4bc-f8a2-4849-904d-424b04648676,carping.wtf,available,2.98,49.48,medium,low,7,namecheap,,,18/08/2026 00:03
9dd868b7-2c8a-4763-962b-b8a3cb85288d,unprepared.wtf,available,2.98,49.48,medium,low,10,namecheap,,,12/09/2026 17:22
2279ea19-81b5-4b42-92e7-936380191fec,peevish.wtf,available,2.98,49.48,medium,low,7,namecheap,,,22/08/2026 10:21
3f04c99c-43a9-4fee-8b14-e262b47d8f65,spectra.wtf,resell,,,high,low,7,"Sav.com, LLC - 23",07/09/2025 15:15,07/09/2027 15:15,26/09/2026 09:12
543f34a2-8a43-4b94-a7e5-3f7e87f13707,forth.wtf,available,2.98,49.48,high,low,5,namecheap,,,22/09/2026 14:59
6a54ac3c-8469-41ff-95b6-b99af02204ff,procurable.wtf,available,2.98,49.48,medium,low,10,namecheap,,,18/08/2026 23:08
552b0f05-a280-49f1-a942-4cf71ae09a98,excavate.wtf,available,2.98,49.48,high,low,8,namecheap,,,21/08/2026 10:33
4db3253f-7990-412d-977a-acd1c0579a06,definitive.wtf,available,2.98,49.48,high,low,10,namecheap,,,12/08/2026 09:45
fec5c3f7-8516-4415-9205-1a26305e5ff7,landscaping.wtf,available,7.49,36.49,high,low,11,namesilo,,,24/09/2026 05:36
0dc6cb76-fd55-42b1-9942-541de5c51175,platform.wtf,resell,,,high,medium,8,"Sav.com, LLC - 42",08/04/2026 15:15,08/04/2027 15:15,27/09/2026 02:05
f3814945-5ad9-4317-acd5-246386a4b757,antifreeze.wtf,available,7.49,36.49,high,low,10,namesilo,,,19/09/2026 14:23
fcf781b1-2a28-4ebf-aed6-68e1be9246d5,parvati.wtf,available,2.98,49.48,high,low,7,namecheap,,,19/09/2026 02:21
6df331c8-0e61-480d-93b3-7d5801966cf2,isomeric.wtf,available,2.98,49.48,medium,low,8,namecheap,,,22/08/2026 11:08
74423a0c-d344-4e6e-9c36-6caf2ec0acb5,lupin.wtf,available,2.98,49.48,high,low,5,namecheap,,,24/08/2026 11:41
6c88b7fb-17a0-43be-84c1-444121fa7b04,checklist.wtf,available,5.99,,high,low,9,name.com,,,
256d94c2-26cb-4dc3-88ff-dfddf4b09b41,lynchpin.wtf,available,7.49,36.49,high,low,8,namesilo,,,21/09/2026 15:18
d958166a-d0c4-4f33-ba2b-fe338ff0cef9,papillary.wtf,available,2.98,49.48,medium,low,9,namecheap,,,05/09/2026 01:21
55671ba7-bbac-40f0-8524-f84a2762dc89,untasted.wtf,available,2.98,49.48,low,low,8,namecheap,,,12/09/2026 21:05
31155970-6c91-4d15-8a2b-5fc93fe2cff9,deputy.wtf,available,5.99,,high,low,6,name.com,,,
319f43fa-cc49-4ac1-beb2-d26819def869,week.wtf,available,5.99,,high,low,4,name.com,,,
e6cb098d-d6f7-4cb6-8d2b-65f02d7adfc6,bighorn.wtf,available,2.98,49.48,high,low,7,namecheap,,,23/09/2026 15:10
36c8fa39-f4aa-49f8-8393-9cb7923e6812,palsied.wtf,available,2.98,49.48,medium,low,7,namecheap,,,05/09/2026 00:19
79def730-97a0-409b-b8fd-6a483759270e,counseled.wtf,available,7.49,36.49,medium,low,9,namesilo,,,20/09/2026 16:45
06d7e91b-c1d7-4aea-a05a-f8159e6c1488,naught.wtf,available,2.98,49.48,medium,low,6,namecheap,,,03/09/2026 22:40
5ec1c6e0-6484-4192-9532-e811cbfecd61,buzzed.wtf,available,5.99,,high,low,6,name.com,,,
9ee64c36-14b0-4ad3-bdd7-b531a94a10d2,limitation.wtf,available,5.99,,medium,low,10,name.com,,,
2e42d3c1-feed-45bf-a466-9d88319fb28f,zenithal.wtf,available,2.98,49.48,medium,low,8,namecheap,,,13/09/2026 15:12
c778ba32-6e8e-4208-8dc7-aecfccd28bd6,mildly.wtf,available,2.98,49.48,medium,low,6,namecheap,,,15/09/2026 14:43
dbff2f54-1d7b-4f84-975d-e23954c98290,belonged.wtf,available,7.49,36.49,medium,low,8,namesilo,,,27/09/2026 10:31
1f3660a6-95ad-4767-ad94-425274a0f7b5,stability.wtf,available,5.99,,high,low,9,name.com,,,
0364dc82-6a9b-4bc8-846c-39849c3b3991,caracas.wtf,premium,38.94,38.94,high,low,7,namesilo,,,
a7029ae2-86c9-4c55-bc55-ee2e8a5bd928,angelical.wtf,available,7.49,36.49,medium,low,9,namesilo,,,22/09/2026 04:27
c506ed82-d57e-49c0-8db6-674b9e8f2613,shakira.wtf,available,5.99,,high,low,7,name.com,,,
4c28d2f9-a9a7-4bf7-8636-c42bf8f8fdb5,glittery.wtf,available,2.98,49.48,high,low,8,namecheap,,,
98127d1b-0b26-4c6c-b643-ac13d8c64816,highborn.wtf,available,2.98,49.48,medium,low,8,namecheap,,,13/08/2026 01:48
e4f017d5-f219-4ba5-a841-a521a8517e40,successor.wtf,available,5.99,,high,low,9,name.com,,,
bc58851c-92d1-4dde-8036-90bb52b983db,benignly.wtf,available,2.98,49.48,medium,low,8,namecheap,,,13/09/2026 23:51
f7e44e77-6e96-445f-985c-e8b0aad2844d,introduced.wtf,available,5.99,,high,low,10,name.com,,,
fa1e7d52-1219-430f-b4ce-6e3335024891,erroneous.wtf,available,2.98,49.48,medium,low,9,namecheap,,,17/08/2026 12:56
1757f1d0-bf52-4b29-a497-fc9155a31bc0,triclinic.wtf,available,2.98,49.48,medium,low,9,namecheap,,,
f933c469-e65e-43f3-bcf7-c673fc75e4ed,diametral.wtf,available,2.98,49.48,medium,low,9,namecheap,,,14/08/2026 05:54
78b0d8a1-deaf-4c00-98de-5eeb081d03d1,anthropoid.wtf,available,2.98,49.48,medium,low,10,namecheap,,,
70648803-e9a5-4b54-9d9b-4bdf7b27af4e,tenuous.wtf,available,2.98,49.48,medium,low,7,namecheap,,,11/09/2026 11:41
59466e90-7503-4108-8a44-c9d5714110a3,gramophone.wtf,available,2.98,49.48,high,low,10,namecheap,,,17/09/2026 02:30
112cf589-7f30-40fd-8d9b-779cd581f3b3,dangers.wtf,available,7.49,36.49,medium,low,7,namesilo,,,18/09/2026 04:42
ef1d2ec8-4a2a-4f1b-a94d-17cc276227a0,crocked.wtf,available,2.98,49.48,low,low,7,namecheap,,,09/08/2026 15:34
6f2f6b59-b854-4772-ba94-f948f242b96e,atarax.wtf,available,2.98,49.48,medium,low,6,namecheap,,,20/09/2026 19:30
248daf7f-fa7d-41d8-8eaf-e8d152063441,disraeli.wtf,available,7.49,36.49,medium,low,8,namesilo,,,23/09/2026 08:17
da1d0cf7-e0c3-4ceb-9da1-8740da73db69,heighten.wtf,available,2.98,49.48,high,low,8,namecheap,,,12/08/2026 19:31
04892c52-ae66-4a03-b563-718c10a71246,brutally.wtf,available,2.98,49.48,medium,low,8,namecheap,,,14/09/2026 01:41
3e420c64-55e7-4fca-b918-64fbfaee68fb,indium.wtf,available,7.49,36.49,medium,low,6,namesilo,,,20/09/2026 23:11
cb19ab8e-9839-41f2-b1db-780b32fd0225,adjusted.wtf,available,7.49,36.49,high,low,8,namesilo,,,21/09/2026 18:42
ff6e0af2-9c27-4232-90a6-ed3c67fe928a,merciful.wtf,available,2.98,49.48,high,low,8,namecheap,,,24/08/2026 20:34
ec19a5fd-e302-4066-9223-dadb84dd6d58,anew.wtf,available,2.98,49.48,high,low,4,namecheap,,,13/09/2026 18:03
8e75f006-4a2b-4e32-a27c-d1313de7e0b9,sumptuous.wtf,available,2.98,49.48,high,low,9,namecheap,,,14/08/2026 01:02
c2609cc2-3294-464b-82c4-f8347ed7bc9b,wind.wtf,resell,,,high,low,4,"Sav.com, LLC - 20",22/08/2025 15:15,22/08/2027 15:15,26/09/2026 10:10
0bb7e018-30dc-45ff-9c85-84621abd1032,inhumane.wtf,available,2.98,49.48,medium,low,8,namecheap,,,22/08/2026 05:17
8530b748-835a-4e6b-bf77-f824cef1502e,aeonian.wtf,available,2.98,49.48,medium,low,7,namecheap,,,
d95e19ea-1a09-4582-9ad0-668608c26997,stygian.wtf,available,2.98,49.48,medium,low,7,namecheap,,,
007c77f7-d5bd-4c2a-997f-e0b530d4400f,babies.wtf,available,5.99,,high,low,6,name.com,,,
e46dce56-c35a-45a5-816f-45a25551fdab,initial.wtf,available,7.49,36.49,high,low,7,namesilo,,,25/09/2026 09:36
a485986f-08e8-42ff-97f3-8ef75cefc13d,baldhead.wtf,available,7.49,36.49,medium,low,8,namesilo,,,21/09/2026 21:41
aa968b03-a6f8-4c7b-bb63-b69b4fcf3637,advection.wtf,available,7.49,36.49,medium,low,9,namesilo,,,17/09/2026 10:31
16033609-b8bd-495a-84dc-7b286887c49f,unsent.wtf,available,2.98,49.48,medium,low,6,namecheap,,,12/09/2026 19:18
6b0d7c59-4074-4970-9c2c-9520656b80bf,dark.wtf,resell,,,high,medium,4,"Sav.com, LLC - 6",17/08/2025 15:15,17/08/2027 15:15,26/09/2026 05:25
18102bb2-5256-4b72-823a-9ff563748f44,goddamned.wtf,available,2.98,49.48,medium,low,9,namecheap,,,10/08/2026 12:48
ab08787f-6bdb-44b3-8301-9aa7cf60e2ff,birthright.wtf,available,2.98,49.48,high,low,10,namecheap,,,23/09/2026 21:20
107f7538-c22c-4f07-9591-78aa5f95a3f5,dusts.wtf,available,2.98,49.48,low,low,5,namecheap,,,21/09/2026 01:44
6d489021-4d12-40dd-a214-9b1a0efcc704,programme.wtf,available,7.49,36.49,high,low,9,namesilo,,,24/09/2026 16:59
c0d539bf-e682-45d5-90f4-66184a8ff85f,journeyman.wtf,available,5.99,,high,low,10,name.com,,,
b141e8ff-4b27-46f3-8af9-b9e7f53060a9,sabbatical.wtf,available,2.98,49.48,high,low,10,namecheap,,,09/09/2026 20:30
f6e0458b-3191-417f-a9c0-ecf3ae9bd7db,amnesic.wtf,available,2.98,49.48,high,low,7,namecheap,,,
24cd21d2-3789-48bb-97d9-423ed1ab42aa,tarsal.wtf,available,2.98,49.48,medium,low,6,namecheap,,,11/09/2026 08:42
f1f234ad-b84e-4954-a226-4424631c2476,aguish.wtf,available,2.98,49.48,medium,low,6,namecheap,,,
4826523b-e345-452b-8dc8-2af34789d9ae,textures.wtf,available,2.98,49.48,medium,low,8,namecheap,,,20/09/2026 19:34
b2b6d63a-27de-4c78-b0a2-09d9bf79ed63,chelate.wtf,available,2.98,49.48,medium,low,7,namecheap,,,12/08/2026 04:03
d6335ac5-217a-4604-9551-f23bfb8be821,tropical.wtf,available,2.98,49.48,high,low,8,namecheap,,,11/09/2026 20:24
bc667111-a95a-4b3e-8e6e-951a323f1bc9,greater.wtf,available,2.98,49.48,high,low,7,namecheap,,,27/09/2026 06:54
7ff549d1-3793-4d1c-922b-d31ab4b40ad4,polythene.wtf,available,5.99,,medium,low,9,name.com,,,
7c7abc66-d4eb-4923-8f79-2e18c105db16,ataractic.wtf,available,2.98,49.48,low,low,9,namecheap,,,07/08/2026 12:44
8c0d7686-aacc-476e-becc-88b3eac6a31d,bacchanal.wtf,available,2.98,49.48,high,low,9,namecheap,,,08/08/2026 04:14
4a232df3-0fee-4458-a02f-b221701397f9,shyly.wtf,available,2.98,49.48,medium,low,5,namecheap,,,13/09/2026 23:37
490c00d1-62fc-4b83-b519-0f68f9c7522b,diffusive.wtf,available,2.98,49.48,medium,low,9,namecheap,,,14/08/2026 07:10
b7365e07-116d-4f76-839a-944cffff76d2,stream.wtf,resell,,,high,medium,6,,,,27/09/2026 05:33
ca69441f-64d9-440d-9aa0-68de6a879f38,expand.wtf,available,7.49,36.49,high,low,6,namesilo,,,24/09/2026 13:38
1f6ed77e-d254-4273-b06a-f9c8e37f5270,ninefold.wtf,available,2.98,49.48,medium,low,8,namecheap,,,03/09/2026 17:31
71e47cae-ec47-450f-824b-98dff6c33c41,ate.wtf,premium,38.94,38.94,high,low,3,namesilo,,,
bfa7a2b0-7be3-4f54-a1fd-5ccb6727bdf5,whispered.wtf,available,2.98,49.48,high,low,9,namecheap,,,13/09/2026 11:35
04052ff9-771f-4428-a901-58405d5cad7a,provably.wtf,available,2.98,49.48,medium,low,8,namecheap,,,14/09/2026 11:29
f9b641ad-ec51-404c-9d02-318452cdd390,steiner.wtf,available,2.98,49.48,high,low,7,namecheap,,,25/09/2026 10:28
ba0bd6a9-9562-4feb-921f-88eb7d88df29,ecuadorian.wtf,available,2.98,49.48,high,low,10,namecheap,,,22/08/2026 01:40
b9a7b879-c586-4e89-855f-6bd5ac1674ae,chipper.wtf,available,2.98,49.48,high,low,7,namecheap,,,12/08/2026 05:56
afc53096-2c3e-4635-9bd2-420f1be93e5f,medicine.wtf,resell,,,high,low,8,"Sav.com, LLC - 46",13/11/2025 15:15,13/11/2026 15:15,26/09/2026 07:29
d409fec1-f1ff-4ffd-aa2d-5d6ae2ba73c7,deafening.wtf,available,3.99,46.99,medium,low,9,name.com,,,13/08/2026 19:54
01020265-b6cb-4232-87d2-a1bbab8dd9bb,wriggly.wtf,available,2.98,49.48,medium,low,7,namecheap,,,13/09/2026 13:43
923d5c68-7385-4dfb-b090-6786315bda0b,ignoble.wtf,available,2.98,49.48,medium,low,7,namecheap,,,21/08/2026 18:23
3e3e3edd-3e2a-4b35-b727-5f14440dcb51,pulpit.wtf,available,7.49,36.49,high,low,6,namesilo,,,18/09/2026 17:14
eaf4e9ba-28ce-4217-af0a-c17a2f8b2eef,brutality.wtf,available,7.49,36.49,medium,low,9,namesilo,,,22/09/2026 04:26
413530a1-561e-488d-816b-5f60a96d9daf,auspices.wtf,available,2.98,49.48,high,low,8,namecheap,,,17/09/2026 12:16
22917148-1234-4813-9d09-a98137282d6e,gyral.wtf,available,2.98,49.48,medium,low,5,namecheap,,,20/08/2026 21:19
1be15d6f-88f4-488a-89da-98c952bbc742,lutheran.wtf,available,2.98,49.48,high,low,8,namecheap,,,24/08/2026 12:23
8f7caa18-8aa8-4cf7-92ff-e54818bf0a6d,bangles.wtf,available,2.98,49.48,medium,low,7,namecheap,,,20/09/2026 19:22
c9fdeb7d-67cf-48d0-988e-3962bf97cdf7,alleviant.wtf,available,2.98,49.48,medium,low,9,namecheap,,,04/09/2026 23:46
b4167cdd-c8ae-49e5-9652-a9d26e43f4c2,narration.wtf,available,2.98,49.48,high,low,9,namecheap,,,03/09/2026 13:18
7a85d45c-e208-4c6f-81a6-f49be54657b3,longlasting.wtf,available,5.99,,high,low,12,name.com,,,
fc2a94e3-9ee4-4464-9fdc-e93aa1ed93a9,languages.wtf,available,2.98,49.48,medium,low,9,namecheap,,,
f647002e-81ed-42fe-8721-3c4212af122f,endovenous.wtf,available,2.98,49.48,medium,low,10,namecheap,,,17/08/2026 01:21
4170f582-4727-48aa-9eb4-08e2b503ca6a,nonskid.wtf,available,2.98,49.48,medium,low,7,namecheap,,,03/09/2026 20:36
c9041918-14b6-45e6-b023-928265696468,benghazi.wtf,available,7.49,36.49,medium,low,8,namesilo,,,23/09/2026 08:04
04b7c2bd-8b2e-4799-9117-937bcb12c308,rather.wtf,available,5.99,,high,low,6,name.com,,,
b198b606-b3ea-4d38-ac6e-051b7e842da9,shogunate.wtf,available,7.49,36.49,medium,low,9,namesilo,,,21/09/2026 05:18
136d1911-b358-4e42-86a8-12a1d4104c88,impromptu.wtf,available,,,high,low,9,,,,
eb6898fb-7294-49ba-9103-3cc91e3be019,loft.wtf,premium,118.8,118.8,high,low,4,namesilo,,,22/09/2026 11:37
febe1ad4-4443-4f84-90dd-6040e66800a7,asur.wtf,available,7.49,36.49,medium,low,4,namesilo,,,20/09/2026 16:43
3071fa15-efea-4f29-a808-018227f6b364,youre.wtf,available,5.99,,medium,low,5,name.com,,,
317362ff-930a-4047-a94b-d808c8ab74dc,appreciative.wtf,available,5.99,,high,low,12,name.com,,,
a31ccff9-5d34-4764-99fb-39f2a96af26c,femoral.wtf,available,2.98,49.48,medium,low,7,namecheap,,,18/08/2026 01:05
020ca102-6d7b-4b74-995a-de5dce98e26d,terrorists.wtf,available,7.49,36.49,low,low,10,namesilo,,,27/09/2026 03:16
31128507-b499-4dd6-a7ac-ad6a71153029,longhand.wtf,available,2.98,49.48,high,low,8,namecheap,,,13/08/2026 11:38
acb1ca79-f634-442c-8163-201d4e75d5ce,amblyopia.wtf,available,7.49,36.49,medium,low,9,namesilo,,,18/09/2026 17:11
3c82f8bd-97c7-4710-b9d0-21cff5a82ab4,undiluted.wtf,available,2.98,49.48,high,low,9,namecheap,,,12/09/2026 08:03
86dff343-6727-450c-9b0b-c495efb6bc9c,dinky.wtf,available,2.98,49.48,high,low,5,namecheap,,,14/08/2026 08:14
04bb5b9a-d52f-429f-963c-03337a2aa112,barrister.wtf,available,7.49,36.49,high,low,9,namesilo,,,22/09/2026 08:39
db339746-d156-49ac-b6b4-14964c59becc,doped.wtf,available,2.98,49.48,medium,low,5,namecheap,,,14/08/2026 15:59
975a75d1-5b7f-4882-9da6-f3f125fca176,factitious.wtf,available,2.98,49.48,medium,low,10,namecheap,,,17/08/2026 20:27
eeabd273-4a25-4659-9b04-7ad50dbcb066,aleatory.wtf,available,2.98,49.48,medium,low,8,namecheap,,,
5f5d086d-e18f-48d2-a8ff-d74cbde04a51,worthless.wtf,available,2.98,49.48,medium,low,9,namecheap,,,14/08/2026 04:07
c5faa2f3-b95e-4484-b72a-f553269571c6,venushair.wtf,available,2.98,49.48,medium,low,9,namecheap,,,17/09/2026 08:07
5f9f69b1-e718-4749-953e-920d8a342633,cadastral.wtf,available,2.98,49.48,medium,low,9,namecheap,,,11/08/2026 12:39
44adebb0-6881-4d37-8271-a3ab251bba86,overage.wtf,available,2.98,49.48,medium,low,7,namecheap,,,04/09/2026 19:59
a0597b80-f5a8-4de3-8124-a01ef9d20e3f,codes.wtf,premium,78.54,78.54,high,low,5,namesilo,,,
aa11b765-f831-42cb-9780-f3810e3691bc,dataflow.wtf,available,2.98,49.48,high,low,9,namecheap,,,04/09/2026 04:48
18f020b5-4f25-48d8-995a-9c86d1af9d96,researchers.wtf,available,7.49,36.49,high,low,11,namesilo,,,18/09/2026 17:37
7c2dcd62-0d0b-4ae8-bfb9-ef49c800c782,adiposity.wtf,available,7.49,36.49,medium,low,9,namesilo,,,17/09/2026 08:19
f3d58937-529c-4e7d-a74f-1d9af982edc0,snyder.wtf,available,2.98,49.48,high,low,6,namecheap,,,25/09/2026 18:53
a776b0f3-69eb-4aed-b784-f29f7e94afc7,deranged.wtf,available,2.98,49.48,medium,low,8,namecheap,,,13/08/2026 05:32
fe46d7ab-5b47-469d-a393-48007533d841,excessive.wtf,available,2.98,49.48,medium,low,9,namecheap,,,17/08/2026 16:15
0f45ada2-de66-4b5e-bf0d-0759553b1074,antimony.wtf,available,7.49,36.49,medium,low,8,namesilo,,,19/09/2026 14:45
110c4949-1974-4898-a316-20174e543395,bister.wtf,available,7.49,36.49,medium,low,6,namesilo,,,23/09/2026 22:08
ca902c24-2f48-4d59-8ee6-365252320b7b,affront.wtf,available,7.49,36.49,high,low,7,namesilo,,,17/09/2026 14:54
bbb1b445-4581-4865-ac86-5bbf3f6639d9,subscribed.wtf,available,2.98,49.48,high,low,10,namecheap,,,11/09/2026 00:41
677a039e-578e-4715-8c70-54a95e3a8dcc,exec.wtf,available,5.99,,high,low,4,name.com,,,
27f0aac8-dcfd-44f8-9d2e-3ea620f7155c,spick.wtf,available,2.98,49.48,medium,low,5,namecheap,,,21/08/2026 20:46
b1da4702-5a98-44f4-9977-a6a9efd5aaa6,anaxagoras.wtf,available,7.49,36.49,medium,low,10,namesilo,,,19/09/2026 03:36
510734e1-23f0-4b9d-aed8-00ecc350c8f4,sodomy.wtf,available,7.49,36.49,medium,low,6,namesilo,,,19/09/2026 01:34
50bb95d6-373d-454b-aa1d-c38e331c16ca,shouting.wtf,available,2.98,49.48,high,low,8,namecheap,,,12/08/2026 03:49
ef1365d9-5598-43be-b264-f55e069c536a,snakebird.wtf,available,7.49,36.49,medium,low,9,namesilo,,,19/09/2026 08:17
3f6851b2-933b-4779-b354-c1765bc6636d,erose.wtf,available,2.98,49.48,medium,low,5,namecheap,,,17/08/2026 12:30
c873c017-4997-4fa1-b345-3343bb1ada02,glamorous.wtf,available,7.49,36.49,high,low,9,namesilo,,,27/09/2026 06:54
f4a1cde1-2787-4aa0-9d56-71a1528ba170,thawed.wtf,available,2.98,49.48,medium,low,6,namecheap,,,11/09/2026 12:31
b290543c-1c58-4e86-8b5d-deb8ada94923,prosecutor.wtf,available,2.98,49.48,high,low,10,namecheap,,,27/09/2026 05:05
3bf5844d-1352-40d5-bae5-a21b0c0756ce,facts.wtf,resell,,,high,low,5,Dynadot Inc,16/02/2026 17:00,16/02/2027 17:00,26/09/2026 05:59
f8dd29c4-789b-4b6d-a0d3-835178b67901,gomad.wtf,available,7.49,36.49,medium,low,6,namesilo,,,20/09/2026 00:44
915d995a-9534-4b72-bb08-cba03e8eb328,midland.wtf,available,2.98,49.48,high,low,7,namecheap,,,24/08/2026 22:36
b44880a6-fe60-4de0-a167-93bf8256a4a6,dolce.wtf,available,2.98,49.48,high,low,5,namecheap,,,14/09/2026 13:39
3d38625e-0411-4fda-82c1-bf8fdb151986,barish.wtf,available,7.49,36.49,medium,low,6,namesilo,,,22/09/2026 06:05
49524619-a210-4403-a96f-b1c45e6db5ec,deific.wtf,available,2.98,49.48,medium,low,6,namecheap,,,14/08/2026 00:13
6c6a1749-8f93-42f5-b3c9-263215ed0322,vents.wtf,available,7.49,36.49,high,low,5,namesilo,,,21/09/2026 06:42
20b538ec-1b7c-4c78-b6d7-f459d37e4385,prodromal.wtf,available,2.98,49.48,medium,low,9,namecheap,,,09/09/2026 02:44
7b502c6f-c28f-4155-827e-d5d44a2eb123,unpackaged.wtf,available,2.98,49.48,medium,low,10,namecheap,,,12/09/2026 16:23
b507e58a-c190-416b-91e9-f0b3948a2803,ovens.wtf,available,7.49,36.49,medium,low,5,namesilo,,,20/09/2026 10:00
856a65cc-d6f2-42d0-8c1a-515e8fb9307c,yobbo.wtf,available,2.98,49.48,medium,low,5,namecheap,,,11/08/2026 08:50
621e6ac5-d85f-49d0-a96b-2081eda3ec89,infinitely.wtf,available,2.98,49.48,high,low,10,namecheap,,,14/09/2026 01:14
e0b1cd57-1525-4615-abad-b0ea2288b009,postnatal.wtf,available,2.98,49.48,medium,low,9,namecheap,,,09/09/2026 00:35
56988fe9-450e-47f3-b6df-96f7ec806152,risen.wtf,available,5.99,,high,low,5,name.com,,,
f840bde9-4299-4510-9036-0da4af714166,mrna.wtf,available,7.49,36.49,high,low,4,namesilo,,,25/09/2026 23:11
2cdb0672-1586-4fa9-bd3c-cf3d6d4aa031,lets.wtf,resell,,,high,low,4,"Sav.com, LLC - 11",06/09/2025 17:00,06/09/2027 17:00,26/09/2026 07:12
4c8d89d7-a334-496e-bd2c-360c63d6cd12,liegeman.wtf,available,2.98,49.48,medium,low,8,namecheap,,,18/08/2026 03:05
666cbc1b-3fd9-4aed-9c0f-e474677e9888,philatelic.wtf,available,2.98,49.48,medium,low,10,namecheap,,,08/09/2026 18:49
9524d5d2-61b0-45c8-986b-4f37d1c8bed2,palladio.wtf,available,7.49,36.49,high,low,8,namesilo,,,19/09/2026 04:26
3943efb7-342b-41a2-976a-e0719bbac73c,explicable.wtf,available,2.98,49.48,medium,low,10,namecheap,,,17/08/2026 18:23
a1489f70-e275-4804-bbb4-1a59a5ebd582,bassist.wtf,available,7.49,36.49,medium,low,7,namesilo,,,22/09/2026 12:26
2ada5e58-fe81-469f-bb19-f19d60328f00,pendant.wtf,available,2.98,49.48,high,low,7,namecheap,,,08/09/2026 14:12
93539be8-7d37-4f3a-b67f-78bc395097fa,disagree.wtf,available,5.99,,high,low,8,name.com,,,
c5117ddd-4cee-4946-9296-5458f691a227,irritation.wtf,available,2.98,49.48,high,low,10,namecheap,,,
ff474eb5-c447-49cb-8e9c-f9b0cd57462d,decadent.wtf,available,2.98,49.48,high,low,8,namecheap,,,13/08/2026 20:50
9cfe970d-346d-43de-a840-581a6b562dcb,softly.wtf,available,7.49,36.49,high,low,6,namesilo,,,27/09/2026 03:45
65ca76f5-bf7d-4275-8913-b7ea61fa06be,gide.wtf,available,7.49,36.49,high,low,4,namesilo,,,19/09/2026 04:13
2f3a0320-07aa-4954-b342-ec917130fd21,chalybeate.wtf,available,2.98,49.48,medium,low,10,namecheap,,,12/08/2026 01:32
b7591bad-3c4a-4273-8894-a429748f025f,prance.wtf,available,2.98,49.48,high,low,6,namecheap,,,11/09/2026 05:09
658df1aa-c361-4bb6-a36d-cf47778d4e35,arendt.wtf,available,7.49,36.49,medium,low,6,namesilo,,,20/09/2026 03:43
706c76fa-d10a-45c6-a6df-417028d16f6d,veer.wtf,available,5.99,,high,low,4,name.com,,,
7171c486-3379-4744-a84d-ac5ecf2d2845,controversial.wtf,available,5.99,,medium,low,13,name.com,,,
0088c4aa-f92f-4e82-92e4-9a2f5eec6b21,underclass.wtf,available,2.98,49.48,medium,low,10,namecheap,,,12/09/2026 07:22
d3dd5561-c115-4f28-91d9-15f210407e05,disappear.wtf,available,7.49,36.49,high,low,9,namesilo,,,27/09/2026 05:58
82a1dd0f-ba25-468a-9ffb-eadabd605c90,pieces.wtf,available,2.98,49.48,medium,low,6,namecheap,,,17/09/2026 19:58
cb36a964-809d-41a8-864d-eb469adabc61,infertile.wtf,available,2.98,49.48,medium,low,9,namecheap,,,22/08/2026 04:24
d48199b8-1189-4fc3-96a1-d187fc911ce6,combination.wtf,available,7.49,36.49,high,low,11,namesilo,,,27/09/2026 02:14
c36392cb-b739-4bde-8d83-0dc3fcc238f2,arity.wtf,available,7.49,36.49,medium,low,5,namesilo,,,20/09/2026 06:02
00cc3fae-1cec-450a-827f-01471de60b2c,artillery.wtf,available,7.49,36.49,high,low,9,namesilo,,,20/09/2026 11:43
86d4e6c7-b369-4f60-be84-177d560e680e,uncovering.wtf,available,7.49,36.49,high,low,10,namesilo,,,22/09/2026 06:00
4f8851e4-5743-404f-a0a2-2dde7f253965,visualized.wtf,available,7.49,36.49,high,low,10,namesilo,,,24/09/2026 14:20
199930fb-a33b-4638-935b-771761d1c74b,denver.wtf,premium,78.54,78.54,high,low,6,namesilo,,,27/09/2026 12:08
08319069-2244-4197-bc45-32b75b32d6a3,yoruba.wtf,available,7.49,36.49,high,low,6,namesilo,,,18/09/2026 00:15
bbc8a5e7-f9db-4f18-81dc-a7877ec7da2a,breads.wtf,available,7.49,36.49,medium,low,6,namesilo,,,18/09/2026 04:07
a09c432a-a36b-40b4-83b8-925a345aee1b,washer.wtf,available,7.49,36.49,medium,low,6,namesilo,,,21/09/2026 06:54
899ef53c-0175-47a2-86fd-f617636eedd2,disparity.wtf,available,5.99,,high,low,9,name.com,,,
d6ce3970-e410-490e-9ae9-107454b361b4,verbalize.wtf,available,2.98,49.48,high,low,9,namecheap,,,13/09/2026 00:14
fa37fe91-6890-44ab-a577-2bca93e18edb,kin.wtf,resell,,,high,low,3,"Sav.com, LLC - 39",10/01/2026 15:15,10/01/2027 15:15,27/09/2026 06:54
0e853c8f-2b27-4787-b0fa-4c400b373750,amaranthus.wtf,available,7.49,36.49,high,low,10,namesilo,,,18/09/2026 15:51
339f3649-247e-4d02-8492-3b395c0b48ab,communal.wtf,available,7.49,36.49,high,low,8,namesilo,,,23/09/2026 16:10
c496e328-1efe-438e-95bb-96665cdb6fb3,apolitical.wtf,available,2.98,49.48,high,low,10,namecheap,,,06/08/2026 02:02
58fdb71a-71ff-4034-8914-6fcaafbb5da9,selfless.wtf,available,7.49,36.49,high,low,8,namesilo,,,22/09/2026 02:51
ba1f762a-fd92-44ed-b862-e9895f09da3a,sweetheart.wtf,available,7.49,36.49,high,low,10,namesilo,,,27/09/2026 06:54
3a9157f2-67b9-42fb-94b9-802b07f9887d,agonizing.wtf,available,2.98,49.48,high,low,9,namecheap,,,
512fe040-3d29-4053-8a35-261f243493c2,sleekly.wtf,available,2.98,49.48,medium,low,7,namecheap,,,16/09/2026 02:30
1513bbd1-6782-454e-87a5-c82a9360c4d9,bankbook.wtf,available,7.49,36.49,medium,low,8,namesilo,,,22/09/2026 02:44
9bd1eeac-3b8c-409e-bd2d-9b2f7ac39c1f,spousal.wtf,available,2.98,49.48,high,low,7,namecheap,,,11/08/2026 03:56
e18be1c7-d1ad-420d-9f89-b93f411be1b5,und.wtf,available,7.49,36.49,high,low,3,namesilo,,,25/09/2026 11:22
4c07a857-0930-4aed-b748-2f43e294c00a,argonon.wtf,available,7.49,36.49,medium,low,7,namesilo,,,20/09/2026 04:42
f1fcc5b9-fceb-4c13-863a-dc1afb326d8e,podium.wtf,resell,,,high,low,6,"Spaceship, Inc.",28/02/2026 17:23,28/02/2027 17:23,26/09/2026 08:13
1067385e-ffc2-41cb-bdb7-9259dd3f7d22,cxl.wtf,available,,,high,low,3,,,,
a9a9e052-1d31-4455-83b1-1be6173df5ee,feature.wtf,available,2.98,49.48,high,low,7,namecheap,,,23/09/2026 13:48
e10f7b64-4ca0-43cb-adf1-8ec20095d479,dakar.wtf,available,5.99,,high,low,5,name.com,,,
bacb290e-2e35-427d-9c77-bb25ca185fca,fogged.wtf,available,2.98,49.48,medium,low,6,namecheap,,,18/08/2026 09:51
e968c75f-b1de-4f95-a5e4-12a27bfbba94,trollope.wtf,available,7.49,36.49,medium,low,8,namesilo,,,19/09/2026 13:43
967040cf-5907-4f6c-8d51-d841725b47aa,binaural.wtf,available,2.98,49.48,medium,low,8,namecheap,,,09/08/2026 18:40
30756364-1dc3-45cf-a389-ea42532fd689,aigret.wtf,available,2.98,49.48,medium,low,6,namecheap,,,17/09/2026 20:56
37bf5f05-09c1-4828-8abb-98eb2fa843c2,hidebound.wtf,available,2.98,49.48,medium,low,9,namecheap,,,21/08/2026 08:11
7692aa31-0b81-4d2e-a3e1-e1aceb37aec6,seasonable.wtf,available,2.98,49.48,medium,low,10,namecheap,,,10/09/2026 00:56
268c8b23-4d3e-439f-9bb9-855683385137,arabist.wtf,available,2.98,49.48,medium,low,7,namecheap,,,19/09/2026 23:35
099fcd95-f572-4df5-ab7a-e8367f23ed49,abdominous.wtf,available,2.98,49.48,medium,low,10,namecheap,,,
f2971e7f-7367-44ff-9a6a-dd9332d5e6a2,esthetic.wtf,available,2.98,49.48,high,low,8,namecheap,,,21/09/2026 21:16
4a09c2ff-bd23-4bbf-8230-3b997ec0fb31,duracell.wtf,available,5.99,,high,low,8,name.com,,,
098edad9-69d2-4c63-af8b-9e69887c8be5,inadequate.wtf,available,2.98,49.48,medium,low,10,namecheap,,,22/08/2026 00:12
2d69eebf-8e49-40b4-ac41-8326427df5a7,kgb.wtf,available,5.99,,high,low,3,name.com,,,
70e2dcb2-d8a8-4191-9a37-7a6cb920ed60,onion.wtf,resell,,,high,low,5,"Sav.com, LLC - 22",22/12/2025 15:15,22/12/2026 15:15,26/09/2026 07:54
e9917a4a-5e48-4bad-8299-86354ba4bd49,downwind.wtf,available,2.98,49.48,medium,low,8,namecheap,,,14/08/2026 18:03
8b889b2c-e3d1-4c3c-80cb-7fec19afe1a9,abactinal.wtf,available,2.98,49.48,medium,low,9,namecheap,,,
4758886c-f408-4519-8aca-8b6e2ea60d64,stealthily.wtf,available,7.49,36.49,medium,low,10,namesilo,,,16/09/2026 06:59
d06bf688-7daf-4464-a44e-a02b98068220,penn.wtf,available,7.49,36.49,high,low,4,namesilo,,,25/09/2026 09:52
d9a0b96c-923b-425b-a1fe-e90a4fa9c56a,antiquated.wtf,available,2.98,49.48,medium,low,10,namecheap,,,
83ae6397-85f2-4292-9d53-5444625e55ca,alcazar.wtf,available,7.49,36.49,medium,low,7,namesilo,,,18/09/2026 03:51
bd3fb641-eaae-4bdb-a664-3a8099ec0b5c,facilitate.wtf,available,5.99,,high,low,10,name.com,,,
f01970a6-8449-4f51-b1e2-3289e847a76b,propulsion.wtf,available,7.49,36.49,high,low,10,namesilo,,,17/09/2026 05:22
b2986745-1a7d-48ba-989c-e68a719a73b4,protection.wtf,premium,78.54,78.54,high,low,10,namesilo,,,19/09/2026 09:47
725029c0-3d40-474a-9d5f-f25473ccbde8,bayard.wtf,available,2.98,49.48,medium,low,6,namecheap,,,22/09/2026 17:54
0180b7dc-5d75-4612-a5ca-53ab3cbfc7c0,capitular.wtf,available,2.98,49.48,medium,low,9,namecheap,,,11/08/2026 17:58
6400a197-c73b-4521-bba5-1b7363abf5cc,terrifies.wtf,available,7.49,36.49,low,low,9,namesilo,,,18/09/2026 07:37
b463963c-c271-4f3f-b387-61c57a469229,acoustic.wtf,available,2.98,49.48,high,low,8,namecheap,,,
3dbe2ab1-7605-4aec-b4a0-3fb50e833433,alacritous.wtf,available,2.98,49.48,medium,low,10,namecheap,,,
52e4f9e3-7783-4717-aa96-fd35c19179e9,rankin.wtf,available,7.49,36.49,high,low,6,namesilo,,,27/09/2026 04:34
cf9d9e76-e80b-4a5d-83bf-ba50d7af2361,churlish.wtf,available,2.98,49.48,medium,low,8,namecheap,,,12/08/2026 07:49
7902f21e-c23c-4bd8-9eee-e650b16b9225,bedevil.wtf,available,2.98,49.48,medium,low,7,namecheap,,,14/08/2026 21:15
24c78fb0-c922-445d-9b0e-a1e95ed0f2ee,stations.wtf,available,5.99,,high,low,8,name.com,,,
5e19103e-6398-4fa8-ae56-8a3b4e1d51c4,aggressive.wtf,available,7.49,36.49,high,low,10,namesilo,,,21/09/2026 22:59
970f5385-c8dc-4283-a3d6-2b5bf9637882,sift.wtf,available,5.99,,high,low,4,name.com,,,
effcef01-de0b-4bcc-9e0a-b4d079286ef6,acrobatic.wtf,available,2.98,49.48,high,low,9,namecheap,,,
b595278f-40e3-48a2-bcf4-5e07ec3e4247,pigeons.wtf,available,7.49,36.49,medium,low,7,namesilo,,,20/09/2026 07:08
c79e903a-5f85-4429-9236-b62ca412b89e,subarctic.wtf,available,2.98,49.48,medium,low,9,namecheap,,,10/09/2026 23:36
0b1f3286-7c8e-41b9-b4c8-bca51b5a7dfd,fasten.wtf,available,5.99,,high,low,6,name.com,,,
3e60456c-eda6-4af8-8abd-7882b3be2abe,recognition.wtf,available,5.99,,high,low,11,name.com,,,
a1ec4cdf-d30e-4770-b8fa-861fed2a705d,gimpy.wtf,available,2.98,49.48,medium,low,5,namecheap,,,13/08/2026 07:05
5dbc15c1-6ec5-4a66-a615-a26a874e67ef,halting.wtf,available,2.98,49.48,medium,low,7,namecheap,,,13/08/2026 07:02
8dfd2c9c-ecd0-4e99-99dc-0c1114fee364,designed.wtf,available,7.49,36.49,high,low,8,namesilo,,,24/09/2026 06:34
7f4935b0-8a40-4bc2-92c0-67d23b612584,whorehouse.wtf,available,2.98,49.48,medium,low,10,namecheap,,,21/09/2026 18:13
aed071a7-5a9e-4344-a130-32fc2b8cf5c8,counts.wtf,available,2.98,49.48,high,low,6,namecheap,,,18/09/2026 18:14
14db1b8c-1c99-43d5-ab5d-cd44657f7e14,lucidly.wtf,available,2.98,49.48,high,low,7,namecheap,,,15/09/2026 12:12
b0ee13e9-1cfb-484f-8ca7-c2a5b67f5387,dyed.wtf,available,2.98,49.48,high,low,4,namecheap,,,14/08/2026 21:54
ce7a5871-41f1-4bf5-9592-b956b68509dc,hallowmas.wtf,available,7.49,36.49,medium,low,9,namesilo,,,18/09/2026 09:30
ae84f406-d865-4423-a4fd-418d691b295d,downwards.wtf,available,2.98,49.48,medium,low,9,namecheap,,,14/08/2026 17:16
562686b1-723c-4f0c-817a-0a4e1a1081b3,evenhanded.wtf,available,7.49,36.49,high,low,10,namesilo,,,27/09/2026 06:54
507b7d98-bd28-4a2e-84b4-86050f7ee198,darter.wtf,available,7.49,36.49,medium,low,6,namesilo,,,19/09/2026 08:19
75f24ca3-4666-480f-ae01-7a901eb36ce5,girls.wtf,resell,,,high,low,5,Dynadot Inc,14/07/2020 13:15,14/07/2027 13:15,26/09/2026 06:23
8228266f-74dc-4448-a1fb-415192302295,ageratina.wtf,available,7.49,36.49,medium,low,9,namesilo,,,17/09/2026 17:21
399153c1-c2e1-494f-bd93-009438d50b0f,alpinist.wtf,available,7.49,36.49,medium,low,8,namesilo,,,18/09/2026 14:06
3cf59ddf-fab0-45a2-bb45-87b314866017,miocene.wtf,available,7.49,36.49,high,low,7,namesilo,,,25/09/2026 23:43
506bc2c6-230b-4853-984d-46acca76b03d,restrain.wtf,available,5.99,,medium,low,8,name.com,,,
c9cfdbc9-01de-4d5d-8c29-579be04fb4de,highschool.wtf,premium,78.54,78.54,high,low,10,namesilo,,,
770804d0-244f-4350-8685-a62378e3bfce,marly.wtf,available,2.98,49.48,medium,low,5,namecheap,,,24/08/2026 16:08
857e78a9-2791-445d-a9a3-a4482fddb623,lactating.wtf,available,2.98,49.48,medium,low,9,namecheap,,,22/08/2026 18:18
bafaeeb8-baeb-4477-a5c9-d99f4cbe3169,concave.wtf,available,2.98,49.48,high,low,7,namecheap,,,12/08/2026 19:50
1044a5b6-548f-4021-9b23-fc1da10c8c45,gummy.wtf,available,2.98,49.48,high,low,5,namecheap,,,20/08/2026 15:20
bd745687-7837-490d-81e6-6c38528c19e0,provinces.wtf,available,7.49,36.49,medium,low,9,namesilo,,,18/09/2026 15:35
48f97f63-a407-4181-9023-adae5ccb360e,dauntless.wtf,available,2.98,49.48,high,low,9,namecheap,,,22/09/2026 12:12
795fa0e2-9cd5-4ed6-9af1-358eb1e8c519,xvii.wtf,available,7.49,36.49,medium,low,4,namesilo,,,21/09/2026 11:53
fa4c8a31-b429-444e-86a2-97580d08f603,mediatory.wtf,available,2.98,49.48,medium,low,9,namecheap,,,24/08/2026 18:55
cde48c43-9c50-4d68-b919-3fe74fdee259,grandparent.wtf,available,7.49,36.49,high,low,11,namesilo,,,19/09/2026 04:27
442c54ae-fe31-4156-b41f-fa88e58b23aa,antiacid.wtf,available,2.98,49.48,high,low,8,namecheap,,,22/09/2026 05:47
ad20fb79-0d56-4060-859f-487bd0beeeff,placement.wtf,available,2.98,49.48,high,low,9,namecheap,,,09/09/2026 00:08
00efd21b-fece-4229-bb0a-a7a6109a5b10,godhead.wtf,available,2.98,49.48,medium,low,7,namecheap,,,
22aa587a-fb8d-420e-a289-b1a8584771b2,commence.wtf,available,2.98,49.48,high,low,8,namecheap,,,23/09/2026 02:22
2956829b-bd22-4cc1-a4bb-06ddccb3de76,queensland.wtf,available,7.49,36.49,high,low,10,namesilo,,,25/09/2026 10:12
053c0d77-b869-4abc-9aec-3a536dbd3897,coats.wtf,available,7.49,36.49,high,low,5,namesilo,,,17/09/2026 00:23
8cf0661e-2ade-44d9-8485-1b18b755809d,volar.wtf,available,2.98,49.48,medium,low,5,namecheap,,,05/09/2026 00:00
cc50b6bd-d22b-4d54-a717-b17e116e27ec,sensory.wtf,available,5.99,,high,low,7,name.com,,,
d6a928b3-bea8-4f9f-a904-6979b89ee071,chant.wtf,available,3.99,46.99,high,low,5,name.com,,,24/09/2026 13:41
865ac87d-158f-4230-8b39-e67250c379c7,albanian.wtf,available,2.98,49.48,high,low,8,namecheap,,,
2f3df920-ab80-45a8-954d-6e8b0f2cd550,monkeys.wtf,available,7.49,36.49,medium,low,7,namesilo,,,17/09/2026 10:08
3ecf779e-86fe-4273-814c-6c8969a9920c,grinder.wtf,available,2.98,49.48,medium,low,7,namecheap,,,25/08/2026 03:40
528bb976-41a2-45d6-a11e-65d225de466d,assembling.wtf,available,2.98,49.48,high,low,10,namecheap,,,20/09/2026 16:08
f0464de7-d00b-4ed9-8510-46fdf777c45b,instead.wtf,available,5.99,,high,low,7,name.com,,,
5070be06-8059-4f1e-b1c4-da108fc6afef,improperly.wtf,available,2.98,49.48,medium,low,10,namecheap,,,15/09/2026 04:32
8499baf1-9dbf-4d9d-87c6-8b1aa3226e1c,ailment.wtf,available,2.98,49.48,medium,low,7,namecheap,,,21/08/2026 18:47
d357c230-19a9-498d-a741-57b744f52e89,optimally.wtf,available,2.98,49.48,medium,low,9,namecheap,,,15/09/2026 18:05
edc396d6-057b-4139-9ef3-1d38d68fabad,warburg.wtf,available,7.49,36.49,medium,low,7,namesilo,,,16/09/2026 19:40
759228ea-1cae-48ce-91c2-667e4810c29c,waxing.wtf,available,2.98,49.48,high,low,6,namecheap,,,13/09/2026 08:44
4cb31317-d3d8-4a4f-825b-11463cada8a1,altoona.wtf,available,2.98,49.48,medium,low,7,namecheap,,,18/09/2026 15:04
3d2c45f8-b403-40bb-9add-945dca988c50,blurry.wtf,available,7.49,36.49,medium,low,6,namesilo,,,22/09/2026 23:23
badec574-2faa-404c-939d-09b4da1c806a,afterbirth.wtf,available,7.49,36.49,medium,low,10,namesilo,,,17/09/2026 15:34
f8bda9e9-02c3-4937-839d-5e9414be3d74,seljuk.wtf,available,2.98,49.48,medium,low,6,namecheap,,,10/09/2026 02:15
7163ccc4-0c2b-4b03-875a-cd4105b3d36f,hectic.wtf,available,2.98,49.48,high,low,6,namecheap,,,18/08/2026 03:09
29ef7746-4a33-4d41-813a-f498a3fdfb17,trifling.wtf,available,2.98,49.48,medium,low,8,namecheap,,,05/09/2026 00:21
79b8de77-578b-4e48-b754-06122cb35dd4,vienna.wtf,premium,260,260,high,low,6,namecheap,,,21/09/2026 04:57
f709a10d-1db1-4328-995b-a84c7372d1ba,assuring.wtf,available,2.98,49.48,medium,low,8,namecheap,,,07/08/2026 08:31
00fd51e4-38ca-42c8-9d88-ecd7940ee9ab,stonelike.wtf,available,2.98,49.48,medium,low,9,namecheap,,,08/09/2026 18:26
d8bc170c-5795-4aae-9827-7d537e6b0a8e,perfection.wtf,available,2.98,49.48,high,low,10,namecheap,,,22/09/2026 22:03
bac056bd-be3e-4b5d-bd61-0e58b30fbfce,atavism.wtf,available,7.49,36.49,medium,low,7,namesilo,,,20/09/2026 19:45
b26fc931-71f0-4efb-9af9-f2ae1c1f1548,qaeda.wtf,available,7.49,36.49,medium,low,5,namesilo,,,18/09/2026 00:59
f90c218e-bb68-4097-847b-a875403c084a,perverse.wtf,available,2.98,49.48,medium,low,8,namecheap,,,14/08/2026 02:31
4d40c3f7-16f8-45c5-99de-35dcd63761f7,prissy.wtf,available,2.98,49.48,medium,low,6,namecheap,,,04/09/2026 21:22
33a84747-f18d-4809-8331-724924c4a5fc,isentropic.wtf,available,2.98,49.48,medium,low,10,namecheap,,,22/08/2026 10:44
972c9106-9d1c-4ab9-bf9c-9514f3918142,agnate.wtf,available,2.98,49.48,medium,low,6,namecheap,,,
5b129056-63b2-4137-8d20-93ce3b14a698,coalesced.wtf,available,2.98,49.48,medium,low,9,namecheap,,,
5e7da99c-696d-4ec4-813c-ac9bc9f90475,focusing.wtf,available,7.49,36.49,high,low,8,namesilo,,,24/09/2026 13:33
4121f194-a4a3-41e1-a2e1-229042142976,assign.wtf,available,7.49,36.49,high,low,6,namesilo,,,21/09/2026 02:19
a2ac43f6-c0e7-48f2-8cb0-cedbe30f4487,spillover.wtf,available,7.49,36.49,medium,low,10,namesilo,,,16/09/2026 17:36
ba778f42-ad9d-4212-a3fc-3807fc194778,seagull.wtf,available,5.99,,high,low,7,name.com,,,
894d30eb-8d85-499f-89e0-202368816396,alto.wtf,available,,,high,low,4,,,,
8b3e9a09-a5a9-4bda-92c5-428442a8b7bb,dyke.wtf,available,2.98,49.48,medium,low,4,namecheap,,,11/08/2026 11:35
4b6e0922-41c1-496c-be7e-7c8954acf00f,widespread.wtf,available,7.49,36.49,high,low,10,namesilo,,,24/09/2026 16:57
ce8eff0c-2891-4de5-9a45-863df78495ee,harmon.wtf,available,7.49,36.49,high,low,6,namesilo,,,27/09/2026 07:57
31abd171-b9f8-4bbe-8514-7eccb54c2a89,methodical.wtf,available,2.98,49.48,high,low,10,namecheap,,,24/08/2026 21:56
31397422-eaa8-457f-8420-906f6231174c,dusky.wtf,available,2.98,49.48,high,low,5,namecheap,,,14/08/2026 21:32
410f1542-ebeb-43c4-a87a-e1e77e3f8e8c,threw.wtf,available,7.49,36.49,medium,low,5,namesilo,,,27/09/2026 02:18
7171a14b-cdea-499f-ac07-2e34a3d7f087,alienated.wtf,available,2.98,49.48,medium,low,9,namecheap,,,
9ebf908a-7939-4c3a-8f9a-4dea3ce7a9e7,persuasive.wtf,available,2.98,49.48,high,low,10,namecheap,,,08/09/2026 18:05
95d0004d-26f5-4367-a15d-21f8b97e0b9f,reference.wtf,available,5.99,,high,low,9,name.com,,,
b6a6cce0-7872-426f-a766-6eab208eaa28,xxvi.wtf,available,7.49,36.49,medium,low,4,namesilo,,,21/09/2026 12:52
601caf55-4524-40be-9f31-7f6eb3b12f0c,mountain.wtf,resell,,,high,low,8,"Sav.com, LLC - 13",26/04/2026 15:15,26/04/2027 15:15,26/09/2026 07:39
11cd4347-7b06-4759-b27e-8b5b2ea4856f,obscure.wtf,available,2.98,49.48,high,low,7,namecheap,,,05/08/2026 21:59
1b5420ab-90f4-41ee-b0f4-9b2818d222c2,balbriggan.wtf,available,2.98,49.48,medium,low,10,namecheap,,,21/09/2026 21:25
7b277d49-4b09-4428-98c0-eb9bf3db550e,inculpable.wtf,available,2.98,49.48,medium,low,10,namecheap,,,10/08/2026 12:55
2624f8d6-df50-47ac-94f8-c5855ee08541,fatuous.wtf,available,2.98,49.48,low,low,7,namecheap,,,07/08/2026 02:39
4602a2a6-812a-4b4d-a200-041b2d06fe1a,hebridean.wtf,available,2.98,49.48,medium,low,9,namecheap,,,21/08/2026 05:45
f2c1eeec-ae76-4db7-9e4f-514ec43a0152,catoptric.wtf,available,2.98,49.48,medium,low,9,namecheap,,,11/08/2026 22:12
6b457a99-497e-4082-b432-0bf2866fa477,intrepidly.wtf,available,2.98,49.48,medium,low,10,namecheap,,,14/09/2026 10:53
61419de9-4972-4297-9965-277ff28ee7a1,atacama.wtf,available,5.99,,medium,low,7,name.com,,,
d3544a13-3da9-4b46-bcf2-f38e14c50222,panadol.wtf,available,7.49,36.49,high,low,7,namesilo,,,16/09/2026 23:53
492577a9-d414-450f-97df-285b9324f233,nonsuch.wtf,available,2.98,49.48,medium,low,7,namecheap,,,03/09/2026 20:15
27b5c06b-c55b-490e-95bd-142dd12de7f5,dystopian.wtf,available,2.98,49.48,medium,low,9,namecheap,,,14/08/2026 22:10
5bdac75a-f3b1-4239-84c5-3635c10144db,ahorseback.wtf,available,2.98,49.48,medium,low,10,namecheap,,,
5ba709eb-f1d5-4c29-b732-8a8d2ffa5484,bascule.wtf,available,7.49,36.49,medium,low,7,namesilo,,,22/09/2026 09:54
bf4ced49-7640-4f7d-bb16-2c68ce12081b,ipsus.wtf,available,7.49,36.49,medium,low,5,namesilo,,,22/09/2026 15:09
f1625f0c-2b8e-420e-ba97-bbc6d0d5dee7,hospitably.wtf,available,2.98,49.48,medium,low,10,namecheap,,,15/09/2026 01:10
0a17c604-1a9c-4a4f-903b-fd46399d4fa9,laborious.wtf,available,2.98,49.48,medium,low,9,namecheap,,,06/08/2026 17:00
6dc938ab-da4b-4d08-bd3c-9f3bea803c2c,sutherland.wtf,available,7.49,36.49,high,low,10,namesilo,,,25/09/2026 04:37
74e799f6-29fe-4b0f-9b50-139c0ea9ec6c,moonflower.wtf,available,2.98,49.48,high,low,10,namecheap,,,23/09/2026 06:03
806f73c1-db27-4d1c-ba97-3c6d9de0566a,shoulder.wtf,available,7.49,36.49,high,low,8,namesilo,,,20/09/2026 11:31
d5afe7a9-956b-4ae6-abe7-b6394c332a31,striking.wtf,available,7.49,36.49,high,low,8,namesilo,,,27/09/2026 07:25
621ce53d-dd06-49f6-8531-8f9cc73978a0,clinic.wtf,premium,118.8,118.8,high,low,6,namesilo,,,
cf76514c-4929-4307-9d42-44ca202d0a55,uprightly.wtf,available,2.98,49.48,medium,low,9,namecheap,,,15/09/2026 01:06
96bb8fcc-fa08-474a-9b2b-96d578db7aab,neither.wtf,available,2.98,49.48,high,low,7,namecheap,,,03/09/2026 15:18
b3900dd1-458b-419c-af8f-a9f3594434b7,dozy.wtf,available,2.98,49.48,medium,low,4,namecheap,,,14/08/2026 18:06
55e490d9-2f32-43b5-8d5f-5295f1ca33b0,quintette.wtf,available,2.98,49.48,medium,low,9,namecheap,,,09/09/2026 09:00
87905a7f-b5af-40b3-b0c1-a90c9245aeec,appellate.wtf,available,2.98,49.48,high,low,9,namecheap,,,06/08/2026 06:18
41b67578-8662-4564-92f0-3ad930d66821,aphakia.wtf,available,7.49,36.49,medium,low,7,namesilo,,,19/09/2026 16:51
90aab5ae-35c3-45e5-bcc2-2493227540a3,lifeless.wtf,available,2.98,49.48,medium,low,8,namecheap,,,17/08/2026 15:52
6e12109f-cf54-49cd-b497-2723bce27b75,artaxerxes.wtf,available,7.49,36.49,medium,low,10,namesilo,,,20/09/2026 10:06
ce195933-410f-4884-ba38-d37726c43d72,jangling.wtf,available,2.98,49.48,medium,low,8,namecheap,,,22/08/2026 12:19
fe1f7683-360e-4ef3-8de3-51a9159e5e92,fidgety.wtf,available,2.98,49.48,medium,low,7,namecheap,,,05/08/2026 20:32
c8b0c2c5-63b0-49b5-8b4a-81c1fd78fd99,webbed.wtf,available,2.98,49.48,medium,low,6,namecheap,,,03/09/2026 16:04
83444ab3-e750-4ad5-aa36-67d2e62276ab,technicality.wtf,available,5.99,,high,low,12,name.com,,,
93fec61d-4be9-48d5-8eb9-826bc6149429,rejoin.wtf,available,5.99,,high,low,6,name.com,,,
cb090cb5-6c63-4b76-b2ea-7ca57ec73917,autotomic.wtf,available,2.98,49.48,medium,low,9,namecheap,,,07/08/2026 21:13
a752a5c2-b242-4638-acbb-113ec4c56536,monaural.wtf,available,2.98,49.48,medium,low,8,namecheap,,,25/08/2026 04:20
ccd2b061-ac9e-4d66-90c1-beac69c92873,handmade.wtf,resell,,,high,low,8,"Sav.com, LLC - 23",02/09/2025 15:15,02/09/2027 15:15,26/09/2026 06:33
cdb801de-de27-4b5e-9419-cf2453e12ea2,unforced.wtf,available,2.98,49.48,high,low,8,namecheap,,,12/09/2026 05:40
13473f1b-5834-4e93-8ef0-d77c81194752,unsealed.wtf,available,2.98,49.48,medium,low,8,namecheap,,,12/09/2026 19:07
8e7823e3-f500-4167-8244-873f4bec0df3,nilpotent.wtf,available,2.98,49.48,medium,low,9,namecheap,,,03/09/2026 17:28
d48386fc-cc80-4ef9-a4eb-b1e00233af01,critically.wtf,available,5.99,,high,low,10,name.com,,,
5863d88c-a393-431d-9e45-1a812699cf64,cement.wtf,available,5.99,,high,low,6,name.com,,,
4cd4a9ee-778d-4dd4-90ed-4e0b02e798f4,practiced.wtf,available,7.49,36.49,high,low,9,namesilo,,,21/09/2026 17:21
b6c6e392-015f-4d3a-bf1f-387e2d2e7c79,toddler.wtf,available,5.99,,high,low,7,name.com,,,
d7921a5c-d4d5-4158-b0c9-8bbe6b6c2977,shoreward.wtf,available,2.98,49.48,medium,low,9,namecheap,,,22/08/2026 07:00
f8b8a2a1-4a69-47d0-8357-c63ca4482d85,opportune.wtf,available,2.98,49.48,medium,low,9,namecheap,,,04/09/2026 16:43
4cf7dcb7-15d6-4bb7-bc62-11beced55739,quartette.wtf,available,2.98,49.48,medium,low,9,namecheap,,,09/09/2026 07:26
40d43194-650d-410b-9b25-a22bb733b0b2,richness.wtf,available,7.49,36.49,high,low,8,namesilo,,,17/09/2026 14:41
b0e58826-3711-401f-8fb5-f01a1aa702ab,palatal.wtf,available,2.98,49.48,medium,low,7,namecheap,,,04/09/2026 23:18
04407540-01d3-446e-9619-03d02f5664af,kenalog.wtf,available,7.49,36.49,medium,low,7,namesilo,,,20/09/2026 05:49
7c340c14-5832-409d-b100-0efc470a457b,supreme.wtf,resell,,,high,low,7,"Sav.com, LLC - 5",03/12/2025 15:15,03/12/2026 15:15,26/09/2026 09:25
0ad77406-1a9e-4eb0-ba49-9dbddf94f466,dutiful.wtf,available,2.98,49.48,high,low,7,namecheap,,,14/08/2026 21:39
721fc21b-030d-401e-a0d6-a5e74517df21,xxiii.wtf,available,,,high,low,5,,,,
35ef62b1-8e82-4cdc-9cad-647ed24b0de0,audiometry.wtf,available,2.98,49.48,medium,low,10,namecheap,,,21/09/2026 02:58
4326f46b-3a78-4fc7-9a01-15993e2264a8,bayonet.wtf,available,2.98,49.48,high,low,7,namecheap,,,22/09/2026 18:04
e1b88ba7-934f-488e-9b4a-648d7cc0b629,spite.wtf,available,2.98,49.48,high,low,5,namecheap,,,23/09/2026 22:22
2c02bac6-4f30-4a74-9fdd-19856ebc3876,finished.wtf,available,2.98,49.48,high,low,8,namecheap,,,24/09/2026 18:27
6d2d9085-1bc7-4908-8706-6bb86c715e41,alewife.wtf,available,7.49,36.49,medium,low,7,namesilo,,,18/09/2026 05:44
07f35e25-dfb6-4327-9b24-c9472431f39d,cyclical.wtf,available,3.99,46.99,high,low,8,name.com,,,13/08/2026 13:34
cbd841dd-3f5b-43ee-93d1-1f12ea1ca8c5,entire.wtf,available,7.49,36.49,high,low,6,namesilo,,,27/09/2026 06:54
3f5ffdd0-ff6b-4946-a203-3fbd00a6a891,enjoyably.wtf,available,2.98,49.48,high,low,9,namecheap,,,13/09/2026 18:24
142473be-7320-4c5f-aba8-9be54b39452e,fleer.wtf,available,2.98,49.48,low,low,5,namecheap,,,18/08/2026 17:47
5c01f6f2-71dd-4859-a61c-ef1e9a8612cc,fossorial.wtf,available,2.98,49.48,medium,low,9,namecheap,,,18/08/2026 13:21
84f754be-14a0-4c69-9f0e-58a082a8fa1a,galactic.wtf,resell,,,high,low,8,"Sav.com, LLC - 21",12/05/2026 15:15,12/05/2027 15:15,27/09/2026 06:54
8a6d4fe6-8235-4724-b884-0953cc76ecea,argyll.wtf,available,7.49,36.49,medium,low,6,namesilo,,,20/09/2026 04:56
7621a52d-4032-47f3-9538-cb617885913e,apadana.wtf,available,7.49,36.49,medium,low,7,namesilo,,,19/09/2026 16:10
022c5536-834b-4b20-887a-b3f4ad585e0b,lividly.wtf,available,2.98,49.48,low,low,7,namecheap,,,15/09/2026 12:36
c345bcd0-dce8-48c4-a75f-7ce1b3ed97d7,pamper.wtf,available,5.99,,high,low,6,name.com,,,
4a418bc2-eeed-46c4-ac76-df5bf13b753d,acarpous.wtf,available,2.98,49.48,medium,low,8,namecheap,,,
d02bd920-040d-4665-ae2f-b461a20ad393,slapdash.wtf,available,2.98,49.48,medium,low,8,namecheap,,,10/09/2026 09:57
101f3a5b-74b8-4411-8786-fb0dc084e1bc,clinton.wtf,resell,,,high,low,7,Tucows Domains Inc.,03/09/2014 02:01,03/09/2027 02:01,26/09/2026 04:59
74b74e72-bb03-4975-bdfc-860e6b36270c,shackled.wtf,available,2.98,49.48,medium,low,8,namecheap,,,18/08/2026 02:56
bbc2c8d3-9792-4f63-ac83-c18c0540118a,aleve.wtf,available,7.49,36.49,medium,low,5,namesilo,,,17/09/2026 15:07
19505b2d-fbbc-4635-b209-636d84a8bf11,heracles.wtf,available,2.98,49.48,high,low,8,namecheap,,,18/09/2026 04:03
58149835-c123-4afe-9fb0-c87ac82a3999,vestiary.wtf,available,2.98,49.48,medium,low,8,namecheap,,,13/09/2026 04:51
a6133c27-93b9-4719-80a1-1a82fe1cbeb4,emile.wtf,available,7.49,36.49,high,low,5,namesilo,,,27/09/2026 13:23
e5d07724-c454-476c-9c46-b329ed20ea65,tubes.wtf,available,7.49,36.49,medium,low,5,namesilo,,,20/09/2026 00:50
75d52d06-dbae-4b9e-a173-60b77a9df239,attenuator.wtf,available,2.98,49.48,medium,low,10,namecheap,,,21/09/2026 01:34
148b7b2f-3e94-4124-90fe-e9b45d462dce,absolver.wtf,available,2.98,49.48,medium,low,8,namecheap,,,16/09/2026 18:07
ec65ae6c-8b1f-47fb-8421-d6cbc2ac5e94,profundity.wtf,available,2.98,49.48,high,low,10,namecheap,,,16/09/2026 18:38
05715be2-7f1f-4ae4-a895-73f417a96afc,bags.wtf,resell,,,high,low,4,"Sav.com, LLC - 37",09/04/2026 15:15,09/04/2027 15:15,26/09/2026 04:13
e6169d41-dcd2-4936-ae50-cd7961bb5c47,otiose.wtf,available,2.98,49.48,medium,low,6,namecheap,,,17/08/2026 20:56
d3e1cd0a-4449-4031-84d2-588d7648d15b,reginald.wtf,available,7.49,36.49,high,low,8,namesilo,,,25/09/2026 15:10
7ba728e8-de85-486a-947e-377d688a35c6,husband.wtf,available,,,high,low,7,,,,
b8d7b4a8-9ee2-4937-8c9e-e62f222411b8,interstate.wtf,available,7.49,36.49,high,low,10,namesilo,,,25/09/2026 10:24
50a0e7e6-083a-4e47-bf75-b71d8fbfa378,examine.wtf,available,5.99,,high,low,7,name.com,,,
b4450c05-efaf-48cc-bc76-6648037b69c6,arrivals.wtf,available,3.99,46.99,medium,low,8,name.com,,,21/09/2026 01:02
f473b1a8-9f4b-45c2-8f7a-0c3d7eea0b7d,consummate.wtf,available,2.98,49.48,high,low,10,namecheap,,,23/09/2026 21:29
89c81c1a-b1e8-4ee0-951d-73431e0dcd89,suffering.wtf,available,2.98,49.48,high,low,9,namecheap,,,25/08/2026 01:27
86183a2f-72ae-42fe-b4e8-d7383f533ca8,ragee.wtf,available,2.98,49.48,medium,low,5,namecheap,,,17/09/2026 15:18
4310f8ad-8654-4ad0-bcb3-3d30de981bcb,legato.wtf,available,2.98,49.48,high,low,6,namecheap,,,22/08/2026 22:53
ed628b3c-924b-477e-acf6-423581d5a334,moated.wtf,available,2.98,49.48,medium,low,6,namecheap,,,25/08/2026 02:14
de7ccfec-b4de-4963-b7fb-0c8e4158173b,arced.wtf,available,2.98,49.48,medium,low,5,namecheap,,,06/08/2026 14:28
7ee8fd55-1246-4125-b2e3-fd6a58fa46e2,primarily.wtf,available,5.99,,high,low,9,name.com,,,
43cccfbe-169b-4b37-874a-608cc46f8f71,tiptoe.wtf,available,2.98,49.48,medium,low,6,namecheap,,,11/09/2026 16:21
38a89e10-483e-4b7b-a5cc-30f5f8283a12,phonic.wtf,available,2.98,49.48,high,low,6,namecheap,,,08/09/2026 19:06
8e185e3f-4c5f-47e6-aeab-069ff344a53c,flatfoot.wtf,available,2.98,49.48,medium,low,8,namecheap,,,10/09/2026 16:10
fc3e08dd-6e46-4be0-91c9-7b00eb4f3592,bissau.wtf,available,7.49,36.49,medium,low,6,namesilo,,,23/09/2026 22:06
d8c01896-8bd5-44c4-a29a-a4b0ccfc9ec0,annotator.wtf,available,2.98,49.48,medium,low,9,namecheap,,,19/09/2026 10:48
d0163d33-b190-417d-bad3-7ba6af28b18e,depress.wtf,available,5.99,,high,low,7,name.com,,,
9e644201-2dd5-4a13-b7ae-5050f4352e9b,cosmos.wtf,resell,,,high,low,6,"Sav.com, LLC - 35",16/12/2025 15:15,16/12/2026 15:15,26/09/2026 05:16
dbe5a133-7d66-47c8-9146-57e8772b900b,anzac.wtf,available,2.98,49.48,high,low,5,namecheap,,,19/09/2026 16:00
86a08f40-9e3b-436a-9fa9-0d120a06067a,iniquity.wtf,available,2.98,49.48,high,low,8,namecheap,,,17/08/2026 15:08
7f5f89cf-c956-4557-8f7b-937fb8b86c87,outcome.wtf,available,,,high,low,7,,,,
2d25a930-4c53-4304-813a-29e80769f732,braid.wtf,available,2.98,49.48,high,low,5,namecheap,,,24/09/2026 07:53
ddd5d3f2-bfa6-4bea-a467-21bb49cb67ac,costate.wtf,available,2.98,49.48,medium,low,7,namecheap,,,13/08/2026 03:06
1eaba780-7979-4ba7-9daa-b09c1d75a0af,resentment.wtf,available,7.49,36.49,medium,low,10,namesilo,,,23/09/2026 23:03
dd0caab3-e0f0-48c7-87f9-ff07b14bdba0,abnegation.wtf,available,7.49,36.49,medium,low,10,namesilo,,,16/09/2026 16:16
4a015919-afe6-47da-8a52-20bf68b01a3d,jovially.wtf,available,2.98,49.48,medium,low,8,namecheap,,,15/09/2026 09:51
fabecfe2-45f5-4146-acfc-22b0126d8201,patois.wtf,available,2.98,49.48,medium,low,6,namecheap,,,13/09/2026 04:15
ca14a81d-83ed-4b74-b4ad-6aa96feffc1e,sting.wtf,available,2.98,49.48,high,low,5,namecheap,,,10/09/2026 20:46
ed58f6e3-58c7-40da-98e6-5cfd6f3b1ccc,rollercoaster.wtf,available,5.99,,medium,low,14,name.com,,,
dbc2c54c-d351-43d7-af84-f2c4ab397101,post.wtf,premium,242,242,high,medium,4,namesilo,,,
e95e39e7-7a2d-4171-90a2-75740ce23b35,beguiled.wtf,available,2.98,49.48,medium,low,8,namecheap,,,09/08/2026 09:46
8ffada02-504a-4b56-9d79-c0b341f18321,aspheric.wtf,available,2.98,49.48,medium,low,8,namecheap,,,07/08/2026 04:52
3bbefb1d-1056-4346-883c-4d2c3aa4bb3a,tenner.wtf,available,7.49,36.49,medium,low,6,namesilo,,,21/09/2026 10:53
5f558162-f2d7-40c5-91f7-c2a02c609181,alsatian.wtf,available,2.98,49.48,medium,low,8,namecheap,,,
a3b43323-1742-4fda-ab6f-13f95160e37d,impressive.wtf,available,7.49,36.49,high,low,10,namesilo,,,27/09/2026 06:54
71d5b4e5-3443-4585-9c99-35eb3d4cd8bc,banian.wtf,available,2.98,49.48,medium,low,6,namecheap,,,22/09/2026 02:05
70dddb85-3f30-42d4-a98a-1d831b3f6a58,vegetative.wtf,available,2.98,49.48,medium,low,10,namecheap,,,13/09/2026 01:44
ae8b9139-fd34-41ea-ab9a-d4256a7b260f,dialectal.wtf,available,2.98,49.48,medium,low,9,namecheap,,,14/08/2026 05:48
bca794d1-4915-4ad1-8b91-91b17e224777,newcomer.wtf,available,2.98,49.48,high,low,8,namecheap,,,18/08/2026 07:31
9ccce24d-856d-4521-80f5-283b79e5db0c,tannish.wtf,available,2.98,49.48,medium,low,7,namecheap,,,11/09/2026 08:03
ac172210-2387-4af3-a144-3273255224ed,grub.wtf,available,7.49,36.49,high,low,4,namesilo,,,27/09/2026 06:54
d47e4ef6-9869-4f68-bde0-db03e82fd693,detestable.wtf,available,2.98,49.48,medium,low,10,namecheap,,,
6a724ada-76e3-4136-84b8-d5368a2dcd78,minutely.wtf,available,2.98,49.48,high,low,8,namecheap,,,15/09/2026 15:04
26d17076-bc01-4e09-88f2-d898952184c1,lilting.wtf,available,2.98,49.48,high,low,7,namecheap,,,23/08/2026 08:41
9c2444cf-4e53-41c1-9882-0960c7ff6161,californian.wtf,available,5.99,,high,low,11,name.com,,,
abb4aeb8-c998-471e-b867-081661fd0478,blackfriar.wtf,available,2.98,49.48,medium,low,10,namecheap,,,14/08/2026 15:46
6632d475-d87b-4558-abeb-9b06106463b2,fulminant.wtf,available,2.98,49.48,medium,low,9,namecheap,,,18/08/2026 18:18
af4e0e8e-80c9-4dad-a4c0-0c230b47599e,caprine.wtf,available,2.98,49.48,medium,low,7,namecheap,,,11/08/2026 18:06
b3bc5bbc-767e-46c1-a02b-9f42eb6b3744,awarding.wtf,available,5.99,,high,low,8,name.com,,,
e878cf3f-761b-4dd6-a0f6-f53f8854126f,spur.wtf,available,2.98,49.48,high,low,4,namecheap,,,16/09/2026 20:35
0124e6b8-da70-477a-86e4-799dbcd55a0d,craggy.wtf,available,2.98,49.48,medium,low,6,namecheap,,,13/08/2026 04:44
5aee7da4-3922-41bf-91d9-9e5e223e0664,hygienic.wtf,available,2.98,49.48,high,low,8,namecheap,,,21/08/2026 16:27
6996f9ad-0042-4306-b042-b6c9dc71ed35,zaman.wtf,available,2.98,49.48,high,low,5,namecheap,,,18/09/2026 03:15
86959100-7c7b-4d00-aef5-e2575fc2b8aa,consenting.wtf,available,2.98,49.48,high,low,10,namecheap,,,12/08/2026 22:35
d878a979-c563-449b-8b96-8161bba57680,agronomic.wtf,available,2.98,49.48,medium,low,9,namecheap,,,
49adac8d-a004-41c4-bfb0-1ee80e69278c,periodic.wtf,available,2.98,49.48,high,low,8,namecheap,,,08/09/2026 17:11
875ef7ab-8b65-4ab5-9da6-2dfd3a859297,pixilated.wtf,available,2.98,49.48,low,low,9,namecheap,,,09/08/2026 15:41
8e320e9f-f96d-4027-b1c4-935f8044d3dc,whiny.wtf,available,2.98,49.48,medium,low,5,namecheap,,,09/09/2026 08:37
4d422748-e5eb-4a74-9e13-788203b37ef7,drug.wtf,premium,78.54,78.54,high,low,4,namesilo,,,25/09/2026 00:15
ef16161f-efad-489c-a2a1-31d52b07d200,rudolf.wtf,available,2.98,49.48,high,low,6,namecheap,,,25/09/2026 15:40
e9c67877-6dda-408e-8ef6-e8d365fc052b,sashay.wtf,available,2.98,49.48,medium,low,6,namecheap,,,11/09/2026 05:14
720037a3-d94c-48ec-a5b4-d48112a7c311,stalwart.wtf,available,2.98,49.48,high,low,8,namecheap,,,21/08/2026 00:53
83dd6fd5-fa35-4691-a07e-6b46f8934da9,exposed.wtf,premium,242,242,high,low,7,namesilo,,,27/09/2026 06:54
6dfd11d9-5a9f-407d-803d-f3c56d785366,bmdo.wtf,available,7.49,36.49,medium,low,4,namesilo,,,21/09/2026 22:57
15b12579-619b-458f-a243-3cd3907fcbc0,unshadowed.wtf,available,2.98,49.48,medium,low,10,namecheap,,,12/09/2026 19:29
3985c4da-3bba-49e3-85ed-f686cae836b7,balladeer.wtf,available,7.49,36.49,medium,low,9,namesilo,,,21/09/2026 22:45
04146509-e3d3-4565-92c0-df0f708db589,neckless.wtf,available,2.98,49.48,medium,low,8,namecheap,,,03/09/2026 14:41
bc40b3e4-0531-4188-b410-3cef9ac910e8,arrange.wtf,available,2.98,49.48,high,low,7,namecheap,,,25/09/2026 22:15
9a9130af-9639-42d5-ba86-5ca70968303e,bends.wtf,available,7.49,36.49,high,low,5,namesilo,,,23/09/2026 07:50
793c485e-0b72-4be0-a127-7b26bf8913fd,dilute.wtf,available,2.98,49.48,high,low,6,namecheap,,,
77909a54-220e-43fd-869f-4dccf71e5fbe,icily.wtf,available,2.98,49.48,low,low,5,namecheap,,,15/09/2026 01:36
c25a63b3-0809-4f78-b384-51ba691c726b,foggy.wtf,available,2.98,49.48,medium,low,5,namecheap,,,10/08/2026 16:21
bb2fc026-692e-4777-a169-1b5c20bbc414,catarrhal.wtf,available,2.98,49.48,medium,low,9,namecheap,,,11/08/2026 21:09
c75cdd64-ce5a-422e-87c5-9f786b726bbc,fungicide.wtf,available,2.98,49.48,medium,low,9,namecheap,,,
f0c49567-8c36-471f-bddf-e68f3c852689,goosebumps.wtf,available,2.98,49.48,medium,low,10,namecheap,,,19/09/2026 00:04
e3c0ba48-2544-4a3b-b92a-a9612c9d1447,festal.wtf,available,2.98,49.48,medium,low,6,namecheap,,,18/08/2026 02:13
60f2a299-f431-439f-922d-87eb3221a2e0,papist.wtf,available,2.98,49.48,medium,low,6,namecheap,,,05/09/2026 01:35
7d4164bc-b4b8-4809-a6a3-8a374bf6b438,upbound.wtf,available,2.98,49.48,medium,low,7,namecheap,,,12/09/2026 23:02
5ca7fd5c-0b4e-4cac-b795-d3e8552e19e9,mill.wtf,available,5.99,,high,low,4,name.com,,,
fe9e53dd-22d3-47e7-8246-2df81a20e8bc,illusional.wtf,available,2.98,49.48,medium,low,10,namecheap,,,21/08/2026 20:11
1b262f41-0c2b-4240-a688-afefb32fa0ac,obstinate.wtf,available,2.98,49.48,medium,low,9,namecheap,,,13/08/2026 12:17
32b7273b-6235-433d-84e2-49f47e56718a,centrally.wtf,available,2.98,49.48,medium,low,9,namecheap,,,14/09/2026 06:13
a74c785b-aaab-4a20-a20e-4d36fa80a410,thirties.wtf,available,7.49,36.49,high,low,8,namesilo,,,16/09/2026 12:05
9ef73420-64ee-46fe-bd9f-71cf6f6a872a,baluster.wtf,available,7.49,36.49,medium,low,8,namesilo,,,22/09/2026 00:22
fae3fd7f-b6e1-4a43-8686-784e58a38c14,moldable.wtf,available,2.98,49.48,medium,low,8,namecheap,,,25/08/2026 03:42
5b427973-f5c8-4517-adba-b4eed8cb8ed8,jibe.wtf,available,7.49,36.49,medium,low,4,namesilo,,,22/09/2026 04:14
8bc1182c-fcad-47a9-b33d-6070f0386ed2,bandolier.wtf,available,7.49,36.49,medium,low,9,namesilo,,,22/09/2026 01:27
7311dccb-711c-4d8b-acc7-83e65d835fca,incompatible.wtf,available,5.99,,high,low,12,name.com,,,
65dd8a0f-c22e-498f-8d2f-f1d1d97a2c7e,hoopla.wtf,available,7.49,36.49,high,low,6,namesilo,,,21/09/2026 23:33
5b735e9a-8022-4c7f-84b7-7ca0c73d2f42,saved.wtf,available,5.99,,high,low,5,name.com,,,
e1992ba5-364d-4a1b-9bc5-a4c119553be3,baroque.wtf,available,2.98,49.48,high,low,7,namecheap,,,08/08/2026 20:26
438c8243-631d-4149-9de6-256036b3e3ed,chthonic.wtf,available,2.98,49.48,medium,low,8,namecheap,,,12/08/2026 07:28
120f5ebb-f668-4b65-95d2-ec978d72ff22,untypical.wtf,available,2.98,49.48,medium,low,9,namecheap,,,07/08/2026 16:10
c815051b-dac2-423b-8332-d31fd218f6a4,asura.wtf,available,2.98,49.48,medium,low,5,namecheap,,,20/09/2026 18:26
97828169-2fb2-445e-a30d-4ffe4079c348,uncurbed.wtf,available,2.98,49.48,medium,low,8,namecheap,,,12/09/2026 04:34
855b822d-0b1f-48fb-86fc-7e0a825f09ac,charabanc.wtf,available,2.98,49.48,medium,low,9,namecheap,,,21/09/2026 05:58
0b65e347-f7a3-4000-8614-101a7bd85bed,bounder.wtf,available,7.49,36.49,medium,low,7,namesilo,,,24/09/2026 02:20
fcd6d638-0b60-40d7-9d17-74aa41534c37,exocentric.wtf,available,2.98,49.48,medium,low,10,namecheap,,,17/08/2026 17:21
09ad0234-f7fc-48b7-b1da-a9f7149afa10,chequebook.wtf,available,7.49,36.49,medium,low,10,namesilo,,,24/09/2026 13:58
8942ea5a-710c-49ca-ba57-fdf33cbd483f,correctly.wtf,available,2.98,49.48,high,low,9,namecheap,,,13/09/2026 20:47
e388aca5-639c-4a11-8503-b7048e88df18,tumultuous.wtf,available,2.98,49.48,medium,low,10,namecheap,,,14/08/2026 12:25
246968b8-98ae-4b65-87af-89c6456a268c,androgyny.wtf,available,7.49,36.49,medium,low,9,namesilo,,,19/09/2026 04:54
ae78bc8e-e030-4ba2-aed3-c7499a4a9dbe,bootlicker.wtf,available,2.98,49.48,medium,low,10,namecheap,,,19/09/2026 21:12
5c14bf9f-36de-4a48-984b-e818da50ebfe,filetypes.wtf,available,2.98,49.48,low,low,9,namecheap,,,20/09/2026 01:57
a705b0dc-1eec-45d4-a04b-d626fc8fc76a,ebionite.wtf,available,2.98,49.48,medium,low,8,namecheap,,,14/08/2026 23:04
dfaebf54-96f7-4746-96f3-2eab280f32bf,prowess.wtf,available,7.49,36.49,high,low,7,namesilo,,,20/09/2026 11:56
1d8a855c-49da-4839-8eff-d94340379e83,crumpled.wtf,available,2.98,49.48,medium,low,8,namecheap,,,13/08/2026 09:06
2312ea73-ef65-40b6-9353-45a6adb65b81,affluent.wtf,available,7.49,36.49,high,low,8,namesilo,,,21/09/2026 21:54
0398e8d2-619e-4515-a3cf-1b0c2a41167b,selected.wtf,available,5.99,,high,low,8,name.com,,,
279ee10d-4b92-4b8e-986e-b4b687865402,assize.wtf,available,2.98,49.48,high,low,6,namecheap,,,20/09/2026 16:30
a5f2bb68-b87d-42b5-ba21-1a5330a27179,amaterasu.wtf,available,7.49,36.49,medium,low,9,namesilo,,,18/09/2026 16:05
48317214-8576-4603-a564-bef52e951d57,modestly.wtf,available,2.98,49.48,high,low,8,namecheap,,,15/09/2026 15:13
5a373541-f13a-4d00-bdc1-d7e32bc1eb6c,fathers.wtf,available,7.49,36.49,medium,low,7,namesilo,,,27/09/2026 09:58
bed9cdf9-af8f-444a-a8bc-8e8baa7b8c29,latter.wtf,available,7.49,36.49,high,low,6,namesilo,,,25/09/2026 13:08
19b58bce-c226-4b0f-ba7d-fdebbd7402f7,discuss.wtf,available,5.99,,high,low,7,name.com,,,
cb8bd0cc-be91-4e9a-b3d2-78b5645636c7,malevolent.wtf,available,2.98,49.48,medium,low,10,namecheap,,,24/08/2026 13:52
bf56dfbd-657b-4cfa-9faf-d6b0d92cc82b,paradise.wtf,resell,,,high,low,8,"Sav.com, LLC - 25",20/04/2026 15:15,20/04/2027 15:15,26/09/2026 08:01
4e829bfd-2c9c-416b-845e-9d4807f3ea33,dancer.wtf,available,2.98,49.48,high,low,6,namecheap,,,11/09/2026 11:54
2249721a-ecba-452f-ac44-41c2c14d1843,sulfurized.wtf,available,2.98,49.48,medium,low,10,namecheap,,,11/09/2026 01:25
0058ba6e-019d-4d57-9d18-6c11f150475c,mcguire.wtf,available,7.49,36.49,high,low,7,namesilo,,,27/09/2026 08:49
c40d3b14-14ca-49ff-9cbe-fea966d9a276,abusive.wtf,available,2.98,49.48,medium,low,7,namecheap,,,
4e127f4f-1949-4249-bcbd-594f7caaff60,judd.wtf,available,7.49,36.49,medium,low,4,namesilo,,,27/09/2026 07:52
fff86031-bb83-4efc-8da1-3f928b98c122,cashier.wtf,available,7.49,36.49,high,low,7,namesilo,,,22/09/2026 02:24
6b727821-f910-4002-b495-cc95fb707e09,pertinence.wtf,available,7.49,36.49,medium,low,10,namesilo,,,19/09/2026 21:52
4d9139b3-27f3-41f6-878f-927b253abd53,outwear.wtf,available,2.98,49.48,medium,low,7,namecheap,,,13/09/2026 09:15
5294280c-c30a-411b-a61b-61f2f44b66ee,biodefence.wtf,available,2.98,49.48,medium,low,10,namecheap,,,23/09/2026 17:51
d17c94e0-0f2e-44fa-b10a-c75eda721379,adjuvant.wtf,available,2.98,49.48,high,low,8,namecheap,,,
6c9d19b4-9391-48fd-b033-994a5bad59c5,polyvalent.wtf,available,2.98,49.48,medium,low,10,namecheap,,,08/09/2026 23:35
40f793c0-7e4b-4013-ad81-7887852b3545,adoptive.wtf,available,2.98,49.48,high,low,8,namecheap,,,
0d8b9e36-369a-4eb1-b7ad-2de4bb019c6e,bioko.wtf,available,2.98,49.48,medium,low,5,namecheap,,,23/09/2026 18:17
efde5f10-7d33-4ccd-bb9e-8969311fd8a6,prolonged.wtf,available,7.49,36.49,high,low,9,namesilo,,,27/09/2026 06:54
ff9669e7-0da3-42d8-8656-4f03db429a4b,belonging.wtf,available,7.49,36.49,high,low,9,namesilo,,,23/09/2026 06:53
a0f8f55d-eeeb-44ba-a3f3-a3b747121666,squalid.wtf,available,2.98,49.48,medium,low,7,namecheap,,,10/09/2026 14:31
51471d28-686a-4967-b923-555eca4d6789,ample.wtf,available,2.98,49.48,high,low,5,namecheap,,,
6e2b7c42-ddf8-4bc7-8ef7-c62605322923,conceited.wtf,available,2.98,49.48,medium,low,9,namecheap,,,12/08/2026 19:54
777314e9-1740-4ebd-b17e-810b37491a93,types.wtf,available,7.49,36.49,medium,low,5,namesilo,,,18/09/2026 16:19
e6f6b8b8-b654-4c0f-8362-d89a685c196d,benedick.wtf,available,2.98,49.48,high,low,8,namecheap,,,23/09/2026 07:51
d4d36525-7a9e-4e17-bca3-1813cf9dc22a,aggregator.wtf,available,7.49,36.49,high,low,10,namesilo,,,17/09/2026 17:29
adbae687-b0d8-4dd6-be67-7b0ce3e15c3f,scythian.wtf,available,2.98,49.48,medium,low,8,namecheap,,,10/09/2026 00:28
b789079a-ff7d-4f1e-b898-c4dbc801e233,drilling.wtf,available,2.98,49.48,high,low,8,namecheap,,,10/08/2026 20:06
c4700e39-4207-4ebf-aa23-3f839d195605,arariba.wtf,available,7.49,36.49,medium,low,7,namesilo,,,20/09/2026 00:13
a1aed486-b9b1-4467-9926-082af5fa6595,agrologic.wtf,available,2.98,49.48,medium,low,9,namecheap,,,
56292cc3-a982-4da6-a25f-9ed3ffb7abf5,metacarpal.wtf,available,2.98,49.48,medium,low,10,namecheap,,,24/08/2026 21:30
d19e5035-d95e-4e32-b739-e530c67eba18,jungian.wtf,available,2.98,49.48,high,low,7,namecheap,,,22/08/2026 14:24
c59f164f-1741-4c28-83d8-ea4650d9e422,ovoid.wtf,available,2.98,49.48,medium,low,5,namecheap,,,15/08/2026 18:50
33a0c3c3-101c-4cbe-8323-e7de10226508,darwinian.wtf,available,3.99,46.99,medium,low,9,name.com,,,13/08/2026 18:25
eba302e9-caec-483f-850f-66ec84758559,clive.wtf,available,3.99,46.99,high,low,5,name.com,,,22/09/2026 07:05
a649da90-47a8-4d15-a15f-d9f4f40a0490,lap.wtf,premium,78.54,78.54,high,low,3,namesilo,,,
bfad7fe0-0fef-4d93-aa12-ccbb1e28e62c,whimsical.wtf,available,2.98,49.48,high,low,9,namecheap,,,13/09/2026 11:24
f27da19d-5706-41fb-90f0-c6c005cedfa5,clementine.wtf,available,7.49,36.49,high,low,10,namesilo,,,24/09/2026 15:33
d92bceda-2120-4459-a749-5095fbc11f2d,jokingly.wtf,available,2.98,49.48,medium,low,8,namecheap,,,14/09/2026 17:23
01e7b4e6-a582-41d5-9003-f307f784b04a,humbling.wtf,available,2.98,49.48,medium,low,8,namecheap,,,14/08/2026 01:09
670c0ff7-23b9-4f79-b220-eaf7231e825c,directing.wtf,available,7.49,36.49,high,low,9,namesilo,,,24/09/2026 10:51
57f3f6d0-bf66-49ed-9eba-f6222ef4294a,sotho.wtf,available,2.98,49.48,medium,low,5,namecheap,,,10/09/2026 14:39
1f9259ec-be83-4ea1-84c7-9e55ec6b8e52,icc.wtf,available,2.98,49.48,high,low,3,namecheap,,,25/09/2026 07:43
497806ce-2f9e-4434-9d75-4737d44ead7d,integral.wtf,resell,,,high,low,8,"Sav.com, LLC - 44",21/03/2026 15:15,21/03/2027 15:15,26/09/2026 06:54
6bb57aa0-9f97-445d-8522-727e2d111b8e,glial.wtf,available,2.98,49.48,medium,low,5,namecheap,,,20/08/2026 14:24
444d2b65-bbf7-4a1c-ae8a-ea51234cc081,nitric.wtf,available,2.98,49.48,medium,low,6,namecheap,,,08/08/2026 02:58
aa537502-e99f-4d80-be48-419099e28185,handwoven.wtf,available,2.98,49.48,medium,low,9,namecheap,,,20/08/2026 23:19
6c01da98-d298-4793-bf11-51dedcfb5ecf,cytotoxic.wtf,available,3.99,46.99,medium,low,9,name.com,,,13/08/2026 14:44
242eb477-f148-4230-b0f7-2b16004542e7,tenor.wtf,available,2.98,49.48,high,low,5,namecheap,,,11/09/2026 11:24
6a04fb53-9b78-4f8c-982c-3f82be9de805,agee.wtf,available,7.49,36.49,medium,low,4,namesilo,,,17/09/2026 16:52
7b7004e0-69ba-41c6-b2c6-3f318bb3e522,unbranded.wtf,available,2.98,49.48,medium,low,9,namecheap,,,12/09/2026 04:29
cefcb7ec-168a-4c19-b9ee-43675b8550ec,forget.wtf,available,5.99,,medium,low,6,name.com,,,
e6261e90-560a-4d54-90ab-1d2de6ff336f,noetic.wtf,available,2.98,49.48,high,low,6,namecheap,,,22/08/2026 07:52
bf8af735-40ab-4779-ab8c-d4d0e84b82c2,strengths.wtf,available,7.49,36.49,medium,low,9,namesilo,,,18/09/2026 22:25
d284be93-f8b3-4b0a-b124-f962f7b7ee4b,areal.wtf,available,2.98,49.48,medium,low,5,namecheap,,,06/08/2026 17:21
22396482-f091-4b5f-a5d3-cdf47b889f50,mannerly.wtf,available,2.98,49.48,medium,low,8,namecheap,,,24/08/2026 15:20
c3e93825-623b-4d53-86d2-37b314f3dc87,dancing.wtf,available,7.49,36.49,high,low,7,namesilo,,,25/09/2026 04:44
28259845-a0dd-431f-a76a-023ec25e1d7c,sciences.wtf,available,5.99,,medium,low,8,name.com,,,
d0351fa5-a820-4e86-9375-13ecda44596a,citizenship.wtf,available,5.99,,high,low,11,name.com,,,
faa50878-e0c9-495d-afe1-0eee8c0966db,evrything.wtf,available,5.99,,medium,low,9,name.com,,,
1a597bff-ab9a-4279-8ca0-8bd34aa8d640,ingrown.wtf,available,2.98,49.48,medium,low,7,namecheap,,,22/08/2026 04:56
e1219101-bfca-4e4f-87d3-04f020471678,oily.wtf,available,2.98,49.48,medium,low,4,namecheap,,,11/08/2026 11:42
d4424b73-1025-42d0-9431-585e88c355cc,blancmange.wtf,available,7.49,36.49,medium,low,10,namesilo,,,24/09/2026 03:51
f265658a-6596-4731-9507-ed01aa9d0e4e,respondents.wtf,available,7.49,36.49,high,low,11,namesilo,,,25/09/2026 21:41
998e2721-d941-4ae7-81ca-1a147c576e0c,baptist.wtf,available,2.98,49.48,high,low,7,namecheap,,,22/09/2026 03:32
d34a17c2-9391-49a9-a389-62603130e14a,formulated.wtf,available,2.98,49.48,high,low,10,namecheap,,,18/08/2026 12:22
5c8628c2-b850-4f66-8193-06bb51729db5,cup.wtf,resell,,,high,low,3,"Sav.com, LLC - 35",05/04/2026 15:16,05/04/2027 15:16,26/09/2026 05:22
2b0063c8-c7c2-490e-aa13-c7501a69b85a,dime.wtf,available,5.99,,high,low,4,name.com,,,
80361f76-2b4e-49b4-8dbc-731ebfb71fde,pneumatic.wtf,available,2.98,49.48,high,low,9,namecheap,,,08/09/2026 22:06
645d4546-7aa9-481b-a607-287816911dd5,scanners.wtf,available,7.49,36.49,high,low,8,namesilo,,,19/09/2026 22:09
70c698be-7188-4ea8-bfaa-87c71b36b7e4,sinless.wtf,available,2.98,49.48,medium,low,7,namecheap,,,21/08/2026 21:57
4b658d24-b218-4d2d-8f54-98766b01115f,typic.wtf,available,2.98,49.48,medium,low,5,namecheap,,,11/09/2026 22:29
59358eda-65ea-4bcc-8dd3-8f50057f4753,ideally.wtf,available,5.99,,high,low,7,name.com,,,
043ddd57-6e9e-40c7-ad73-b63ff5efc28c,sizes.wtf,available,7.49,36.49,medium,low,5,namesilo,,,19/09/2026 02:18
3aa55383-89a8-4ee5-b171-686dd956b1a5,troublous.wtf,available,2.98,49.48,medium,low,9,namecheap,,,11/09/2026 20:27
6b55223f-06cb-4a51-b49d-4f73d7ac2afe,arrhythmia.wtf,available,7.49,36.49,medium,low,10,namesilo,,,20/09/2026 09:13
94e55471-5f75-4870-8b5c-dc27fd3d5673,breakaway.wtf,available,2.98,49.48,high,low,9,namecheap,,,11/08/2026 03:01
cf316186-9a9b-4ee9-8037-ce1fb4ce278a,beige.wtf,available,2.98,49.48,high,low,5,namecheap,,,09/08/2026 12:22
b55e9f1d-3a57-494a-8d5f-0ecacaf99471,poem.wtf,available,7.49,36.49,high,low,4,namesilo,,,25/09/2026 09:59
3906336c-f24f-40b7-81db-9423b7eb24ec,pretoria.wtf,available,5.99,,high,low,8,name.com,,,
4da6aeaa-185a-48ba-9d1d-79d262293748,term.wtf,available,5.99,,high,low,4,name.com,,,
2a770bad-9dfe-4ccf-9991-f55751d4d7dc,labored.wtf,available,2.98,49.48,medium,low,7,namecheap,,,22/08/2026 17:34
f98bef2c-ae94-4b18-989a-ba93f2556137,empowering.wtf,available,5.99,,high,low,10,name.com,,,
046ecbc3-0b2a-49bc-bc92-ef348edc3746,liveable.wtf,available,2.98,49.48,high,low,8,namecheap,,,24/08/2026 07:44
b8013f5d-e234-4b4e-8cdb-688127f45420,stud.wtf,available,7.49,36.49,high,low,4,namesilo,,,24/09/2026 23:35
928cdfb4-8f68-4b0e-ac69-67fdfb1aff69,turncoat.wtf,available,2.98,49.48,medium,low,8,namecheap,,,06/08/2026 03:49
e277ee5c-aa95-47fd-bb94-7b8eb62d6336,missionary.wtf,available,2.98,49.48,high,low,10,namecheap,,,25/08/2026 01:48
d0875ada-9186-4358-8c6c-2c25fbd5f391,ferric.wtf,available,2.98,49.48,medium,low,6,namecheap,,,18/08/2026 02:07
d7ad00d5-7ce2-4f9e-b8fb-e8079fc11de2,bronte.wtf,available,7.49,36.49,medium,low,6,namesilo,,,19/09/2026 10:16
fad844db-7b31-4ff0-a044-352977020351,cagey.wtf,available,2.98,49.48,medium,low,5,namecheap,,,11/08/2026 13:19
f39f96de-df4d-44f3-8a58-d75f9047e275,tiresome.wtf,available,2.98,49.48,medium,low,8,namecheap,,,10/08/2026 20:03
1c8239ab-f9e0-4a09-8b3a-52a62b17d9e6,auspex.wtf,available,7.49,36.49,medium,low,6,namesilo,,,21/09/2026 03:22
d041e710-ab1e-4a4e-af1b-872c8f578d7b,copland.wtf,available,7.49,36.49,medium,low,7,namesilo,,,16/09/2026 13:32
3f5edd28-2be5-4fb0-a07c-e298474e47ec,procrastinate.wtf,available,5.99,,medium,low,13,name.com,,,
d3d85993-181a-4c5c-a748-dcc8d2280234,sterope.wtf,available,7.49,36.49,low,low,7,namesilo,,,20/09/2026 17:14
694c64eb-f773-4037-928f-a8ccff74fb88,riding.wtf,available,5.99,,high,low,6,name.com,,,
2758560b-76e4-4632-8257-f802dffbef98,romish.wtf,available,2.98,49.48,medium,low,6,namecheap,,,05/09/2026 01:30
0a8454d2-6dd0-44e2-a05d-88d8894dcd5c,approach.wtf,available,2.98,49.48,high,low,8,namecheap,,,06/08/2026 08:44
927eec31-0bb0-4d2e-ac9d-e0ddadfe8053,galax.wtf,available,7.49,36.49,medium,low,5,namesilo,,,23/09/2026 01:54
f833eff5-86d8-47b2-9164-590544315ac6,chickpea.wtf,available,7.49,36.49,high,low,8,namesilo,,,24/09/2026 14:29
3eef4dc3-a457-4954-8c5a-3c2d009326e2,westside.wtf,available,2.98,49.48,high,low,8,namecheap,,,13/09/2026 11:00
d6583b40-8424-40d5-8096-3b6e5b3d56eb,anabolic.wtf,available,2.98,49.48,high,low,8,namecheap,,,
14d7c9d4-ce13-4601-9a0b-887c38ce7b7e,imbecile.wtf,available,2.98,49.48,medium,low,8,namecheap,,,21/08/2026 20:22
aea77005-cf63-4bc7-9f6d-61ff784654b5,usual.wtf,available,5.99,,high,low,5,name.com,,,
1042a1be-8d80-4edd-8830-d7170947513c,camomile.wtf,available,2.98,49.48,medium,low,8,namecheap,,,19/09/2026 13:02
62d2da67-6ab4-414d-bcb6-269701eddc3f,neuter.wtf,available,2.98,49.48,high,low,6,namecheap,,,03/09/2026 16:30
11137e41-3c7c-4728-bae0-e8aec863f8d4,idiocy.wtf,available,2.98,49.48,medium,low,6,namecheap,,,18/09/2026 18:58
798c448c-0bf5-44f8-9c3b-db5d9a32380b,bannister.wtf,available,7.49,36.49,high,low,9,namesilo,,,22/09/2026 00:23
595194c9-00cd-4e7b-9c49-041ededb49d7,hellenic.wtf,available,2.98,49.48,high,low,8,namecheap,,,20/08/2026 17:54
18a8087a-945f-4026-a507-47a932675a58,olympics.wtf,available,,,high,low,8,,,,
f0761558-ef60-46f3-b871-fe4ae69cbc22,cabins.wtf,available,7.49,36.49,medium,low,6,namesilo,,,20/09/2026 12:16
59001c26-d3c8-4361-8e58-e4b9af0196bf,michael.wtf,resell,,,high,medium,7,"Sav.com, LLC - 29",07/09/2025 15:15,07/09/2027 15:15,26/09/2026 07:32
85420863-b278-48c8-8fcd-5c39d8f08370,anther.wtf,available,2.98,49.48,medium,low,6,namecheap,,,19/09/2026 13:08
9245d49a-8438-4775-8e01-5c8381afa1a7,khomeini.wtf,available,7.49,36.49,high,low,8,namesilo,,,21/09/2026 10:36
39b6e2ab-6447-479e-8f3f-c88c580e4acd,achillea.wtf,available,2.98,49.48,medium,low,8,namecheap,,,17/09/2026 00:35
ee1efa88-c5e2-4846-b5ba-1aaedfa26cbe,matter.wtf,resell,,,high,low,6,"Sav.com, LLC - 32",22/03/2026 15:15,22/03/2027 15:15,26/09/2026 07:28
8b79311c-12dc-408c-acdf-355143aa6c04,intent.wtf,resell,,,high,low,6,"Sav.com, LLC - 19",30/08/2025 15:15,30/08/2027 15:15,26/09/2026 06:55
37ef4227-4d5b-4c73-b887-3274a6e72a35,linguist.wtf,available,2.98,49.48,high,low,8,namecheap,,,08/09/2026 23:18
93f8615e-aecd-41b5-8918-11b0aa81f907,curt.wtf,available,2.98,49.48,high,low,4,namecheap,,,11/08/2026 07:05
aaf546b4-45cd-4b4c-ad35-99348bc86599,vestibular.wtf,available,2.98,49.48,medium,low,10,namecheap,,,13/09/2026 04:52
68e11c90-9ade-4c4d-9212-be9d179426ac,ionian.wtf,available,2.98,49.48,high,low,6,namecheap,,,22/08/2026 09:28
9192c6c0-2c38-4ed6-a861-91813e90d261,bracelet.wtf,available,7.49,36.49,high,low,8,namesilo,,,22/09/2026 01:56
833c547d-e35f-425e-8158-83436a2ae2e1,webs.wtf,resell,,,high,low,4,"Sav.com, LLC - 36",11/02/2026 15:15,11/02/2027 15:15,26/09/2026 10:06
eee936d2-ee50-452b-9ce5-8404b9393966,station.wtf,resell,,,high,low,7,"Sav.com, LLC - 35",09/09/2025 17:00,09/09/2027 17:00,26/09/2026 09:17
b41428eb-bc4e-466b-9ddd-6f4055987cde,flossy.wtf,available,2.98,49.48,medium,low,6,namecheap,,,14/08/2026 17:44
7dd35db1-226c-4f65-b8bb-3d5d2201e2cb,wordplay.wtf,available,5.99,,high,low,9,name.com,,,
6310ca35-e7e2-4648-9895-060a14abe2ad,acinous.wtf,available,2.98,49.48,medium,low,7,namecheap,,,
40b4dddf-22aa-49cc-9615-1bc0808b6cc1,contend.wtf,available,5.99,,high,low,7,name.com,,,
5e7eb546-1105-49f0-9806-5167813cb26c,edgeless.wtf,available,2.98,49.48,medium,low,8,namecheap,,,15/08/2026 08:37
afde0ab6-1615-4145-9dfb-1a91cbb1f424,bravery.wtf,available,5.99,,high,low,7,name.com,,,
47363600-32d6-4eb7-be4a-74b39ae2c6c7,blackcock.wtf,available,7.49,36.49,medium,low,9,namesilo,,,24/09/2026 00:30
ead0b21a-75bc-49cb-8d49-4e260b561dc3,starlit.wtf,available,2.98,49.48,medium,low,7,namecheap,,,10/09/2026 18:56
5f28eac7-dbd4-47b8-90ca-926c92f693f5,accusation.wtf,available,5.99,,high,low,10,name.com,,,
4357ab09-0db2-4602-a48c-7a10476add9d,xviii.wtf,available,2.98,49.48,medium,low,5,namecheap,,,21/09/2026 12:00
a84a27cb-85fe-400c-851c-1c290dab8725,ford.wtf,available,,,high,high,4,,,,
66ad6e9f-2bd8-4f93-85bf-12640f62736c,hatted.wtf,available,2.98,49.48,medium,low,6,namecheap,,,21/08/2026 01:22
59801d87-8d3b-4404-940a-81620f9d981a,departure.wtf,available,2.98,49.48,high,low,9,namecheap,,,08/09/2026 12:08
814a300e-748b-46a8-bdf8-c86acb28f0a2,improbably.wtf,available,2.98,49.48,medium,low,10,namecheap,,,15/09/2026 02:27
e1c46037-9bf5-4a36-82f5-52d7b9f79c89,askew.wtf,available,2.98,49.48,medium,low,5,namecheap,,,07/08/2026 03:31
348ecca1-ccfc-4dba-93f1-7862f678c540,argosy.wtf,available,7.49,36.49,medium,low,6,namesilo,,,20/09/2026 04:43
a11c97db-efbc-4b1b-8ac7-b0ee46596a4b,arbitrarily.wtf,available,5.99,,medium,low,11,name.com,,,
f3651d65-498f-4f16-b85c-fae33abd1dad,mcdonald.wtf,available,5.99,,high,low,8,name.com,,,
9f7c217d-8422-4bc8-b761-379cd194f460,ravishing.wtf,available,2.98,49.48,high,low,9,namecheap,,,09/09/2026 10:42
a6073990-63df-45d6-b0cd-eabef3627226,patton.wtf,available,7.49,36.49,high,low,6,namesilo,,,25/09/2026 16:06
427750d0-1a2c-440e-ba68-56a02799375b,germany.wtf,available,,,high,high,7,,,,
98ff422c-c0b0-4a98-a07e-f5a1390088e2,convexly.wtf,available,2.98,49.48,medium,low,8,namecheap,,,14/09/2026 08:39
318b4a1c-70af-4f3c-8d88-6f9c8fc9d520,comparison.wtf,available,2.98,49.48,high,low,10,namecheap,,,24/09/2026 16:42
a7c5984b-475d-45b7-b386-9994e34d3616,tablets.wtf,available,7.49,36.49,high,low,7,namesilo,,,18/09/2026 15:46
181c91c3-0f0e-4b64-8ea2-e984e6395bdb,glory.wtf,resell,,,high,low,5,"Sav.com, LLC - 43",08/09/2025 15:15,08/09/2027 15:15,26/09/2026 06:24
367ddbac-6424-4d0f-9fc6-d4355e2eef67,lowlife.wtf,available,2.98,49.48,medium,low,7,namecheap,,,11/08/2026 09:22
b970ee96-579f-401e-af83-1a3a6f948c2f,risible.wtf,available,2.98,49.48,medium,low,7,namecheap,,,12/08/2026 19:02
62b43615-4f64-45ce-b4f5-4135d66f65b9,noble.wtf,resell,,,high,low,5,"Sav.com, LLC - 1",16/09/2025 17:00,16/09/2027 17:00,26/09/2026 07:47
fe3fc40a-1dee-469a-b721-227b18b973f0,bushwhack.wtf,available,7.49,36.49,medium,low,9,namesilo,,,18/09/2026 17:32
d0e4d34f-2cc3-4947-bbd6-9845b0d14561,archduke.wtf,available,3.99,46.99,medium,low,8,name.com,,,20/09/2026 01:54
6b1b9289-1e5c-4ce8-9fc0-ab5d496e08e4,allayer.wtf,available,7.49,36.49,medium,low,7,namesilo,,,18/09/2026 09:59
5dde740c-427e-4178-87e6-5aa3671481f9,someway.wtf,available,2.98,49.48,medium,low,7,namecheap,,,15/09/2026 06:46
2cb6acf6-297e-4409-aec7-32310b8f83f8,gandhian.wtf,available,2.98,49.48,high,low,8,namecheap,,,18/08/2026 20:06
de789161-e139-48e8-a238-cac87706cb22,dishes.wtf,available,7.49,36.49,medium,low,6,namesilo,,,27/09/2026 02:34
15af7d66-6cd4-4a95-84cf-39334e374cf4,inversion.wtf,available,2.98,49.48,high,low,9,namecheap,,,19/09/2026 03:24
77897a02-9d13-4353-bb48-4118c14bc722,autocue.wtf,available,7.49,36.49,medium,low,7,namesilo,,,21/09/2026 06:14
9c42067b-1f2f-4e0a-974a-79330be53a55,dehydrated.wtf,available,2.98,49.48,medium,low,10,namecheap,,,14/08/2026 00:06
45ccea87-9a88-4f50-bec1-2f3cd99cde15,shellproof.wtf,available,2.98,49.48,medium,low,10,namecheap,,,10/08/2026 18:11
af61f814-30e2-4674-b110-bd3abd8a88b3,subnormal.wtf,available,2.98,49.48,medium,low,9,namecheap,,,11/09/2026 00:28
6df1f5f1-6271-4745-8540-a6aa670e70b0,willful.wtf,available,2.98,49.48,medium,low,7,namecheap,,,18/08/2026 16:37
5a22c282-3b54-47f7-9275-e9d168f9f54f,thursday.wtf,available,5.99,,high,low,8,name.com,,,
13e18b23-58f5-4d10-aa1d-2bea1870f070,flexing.wtf,available,5.99,,high,low,7,name.com,,,
ffbfa4ed-3176-490f-bcdf-978cc36a001d,thb.wtf,available,3.99,46.99,high,low,3,name.com,,,21/09/2026 14:19
b4044cf4-afe1-45ff-a7f9-856d0774407a,hipaa.wtf,available,5.99,,medium,low,5,name.com,,,
1fa3ca44-38ff-4126-bfff-025daa40a9e6,unneeded.wtf,available,2.98,49.48,medium,low,8,namecheap,,,12/09/2026 15:52
53a55886-57b9-4242-8557-db4cafffb56a,remotely.wtf,available,2.98,49.48,high,low,8,namecheap,,,15/09/2026 23:10
7e713ab0-4640-4411-89d0-da88a79a2936,azt.wtf,available,7.49,36.49,high,low,3,namesilo,,,21/09/2026 11:33
ec225c6e-7230-44f2-b0d5-07497a5e480c,activated.wtf,available,7.49,36.49,high,low,9,namesilo,,,21/09/2026 16:32
407f4a5a-555d-4509-8347-5a6b1f7ba39d,category.wtf,available,7.49,36.49,high,low,8,namesilo,,,24/09/2026 13:09
18b4124e-a236-4cc2-b98c-09ba3278e001,unbolted.wtf,available,2.98,49.48,medium,low,8,namecheap,,,12/09/2026 01:36
349d6e1c-e8d4-46e9-b203-ce08b9836cbe,wants.wtf,available,2.98,49.48,medium,low,5,namecheap,,,25/09/2026 17:58
9e1f9429-ab39-4101-b590-558e95c724de,nth.wtf,available,2.98,49.48,medium,low,3,namecheap,,,03/09/2026 12:35
524f3a82-022d-4593-9e34-71b7178803bf,shouter.wtf,available,2.98,49.48,medium,low,7,namecheap,,,22/09/2026 17:05
14e696d4-74c8-40ab-aecf-af44e7cb2f61,activation.wtf,available,2.98,49.48,high,low,10,namecheap,,,
234912c3-f159-455f-b3fa-8542d467742c,mathews.wtf,available,7.49,36.49,medium,low,7,namesilo,,,27/09/2026 01:56
58d589ca-0ac7-461f-a24c-81fe31741f09,scarlett.wtf,available,5.99,,high,low,8,name.com,,,
d9a4b39d-15b6-4789-a225-b82f35755e48,perverted.wtf,available,2.98,49.48,medium,low,9,namecheap,,,14/08/2026 02:36
eeaa584d-b0ec-48e1-a2cf-81275d86eaf8,shaken.wtf,available,2.98,49.48,high,low,6,namecheap,,,10/09/2026 05:44
a6787738-5806-4876-8485-7183db82ded6,tomboys.wtf,available,2.98,49.48,low,low,7,namecheap,,,20/09/2026 23:15
17f64eae-553e-4235-9753-9189df74adf1,plunk.wtf,available,2.98,49.48,medium,low,5,namecheap,,,15/09/2026 20:41
91efe19d-2b63-4854-90b5-44654cf28977,seraphical.wtf,available,2.98,49.48,medium,low,10,namecheap,,,10/09/2026 04:31
6e5602f9-efbb-4876-80ed-5d2f26f2126e,adar.wtf,available,7.49,36.49,medium,low,4,namesilo,,,17/09/2026 06:32
3c42dd70-a719-43fe-971e-c60b2c9a5c44,ketonemia.wtf,available,2.98,49.48,medium,low,9,namecheap,,,17/09/2026 00:10
260047ae-86fc-4d4e-bedd-df3296f25ba7,osmanli.wtf,available,2.98,49.48,medium,low,7,namecheap,,,04/09/2026 18:41
89cceee0-fa36-49a8-ac3a-f96c20675be7,ilx.wtf,available,2.98,49.48,medium,low,3,namecheap,,,
cfcee9b4-2d5e-4568-8c71-f08b0344b804,populous.wtf,available,2.98,49.48,high,low,8,namecheap,,,08/09/2026 23:57
240ffd50-d1bc-4a2e-a8fe-0890de654467,overfond.wtf,available,2.98,49.48,medium,low,8,namecheap,,,04/09/2026 20:35
22999bb2-a43f-4b2b-aaaf-5d7a7dc9b8be,lengthwise.wtf,available,2.98,49.48,medium,low,10,namecheap,,,22/08/2026 23:38
28adad72-16f4-43dd-ba28-7be3aded0232,whippy.wtf,available,2.98,49.48,medium,low,6,namecheap,,,13/09/2026 11:26
06e417ba-1310-4d2e-8343-237b4c6a4a03,overgreedy.wtf,available,2.98,49.48,medium,low,10,namecheap,,,04/09/2026 20:38
3604cdc6-991a-4999-800b-296cf6c9f8ad,cultivated.wtf,available,2.98,49.48,high,low,10,namecheap,,,13/08/2026 10:14
718fffeb-fdd7-4e80-8302-39616b3f5541,biotic.wtf,available,2.98,49.48,high,low,6,namecheap,,,10/08/2026 03:14
164ae8ee-6d5c-42ff-8254-debeeb911b6b,assumption.wtf,available,7.49,36.49,medium,low,10,namesilo,,,20/09/2026 16:39
cd7743a3-0439-4a0f-b376-2e1c36859fea,requesting.wtf,available,7.49,36.49,medium,low,10,namesilo,,,16/09/2026 07:09
b2bb62f3-df17-40a4-9a98-8ed3b9280222,armed.wtf,available,7.49,36.49,high,low,5,namesilo,,,22/09/2026 07:55
17365b0b-0a0f-419c-a107-fa42ef14b0a3,flickering.wtf,available,2.98,49.48,high,low,10,namecheap,,,
cd1e249b-45b9-4ac7-828a-0be48061e357,rife.wtf,available,2.98,49.48,medium,low,4,namecheap,,,04/09/2026 20:07
559ec798-2fb7-43ec-bbf1-da1fcdee357f,returns.wtf,available,7.49,36.49,high,low,7,namesilo,,,17/09/2026 17:19
a1497fa4-f7d1-4a67-b1e5-dcf6e2e83ad6,vertical.wtf,resell,,,high,low,8,"Spaceship, Inc.",28/02/2026 17:23,28/02/2027 17:23,26/09/2026 09:58
bf5881d6-b35d-4965-9501-bef67ac9cc18,anomie.wtf,available,7.49,36.49,high,low,6,namesilo,,,19/09/2026 11:29
0efb912a-89f2-412f-b51c-e75140667c68,smarmy.wtf,available,2.98,49.48,medium,low,6,namecheap,,,11/08/2026 11:46
a245a060-7807-4743-98da-749b3dd4ca1d,maximally.wtf,available,2.98,49.48,medium,low,9,namecheap,,,15/09/2026 13:43
0a84dcd6-65c4-46b3-a78c-767b2b8b8b91,abvolt.wtf,available,2.98,49.48,medium,low,6,namecheap,,,16/09/2026 19:39
c47b6218-2b94-423c-bc3d-cfd8f2ee12f9,searching.wtf,available,7.49,36.49,high,low,9,namesilo,,,25/09/2026 09:44
bcc659af-fec9-4ac2-a391-2657e0026367,fragmented.wtf,available,2.98,49.48,medium,low,10,namecheap,,,14/08/2026 13:27
a370a7ae-4e38-481a-8bb5-a0421082a35f,fusiform.wtf,available,2.98,49.48,medium,low,8,namecheap,,,12/08/2026 08:02
3cefc561-e4a9-4aef-a392-3a2c76027ff8,majority.wtf,available,5.99,,high,low,8,name.com,,,
4da93301-106d-4b27-a29e-620052bc5d19,retraction.wtf,available,3.99,46.99,high,low,10,name.com,,,16/09/2026 15:59
de726461-5c35-4fce-8d15-92e1c5727d28,mellowly.wtf,available,2.98,49.48,medium,low,8,namecheap,,,24/08/2026 19:31
2aadf13f-2173-4c6c-b63e-2ca93d9b88e6,bawdyhouse.wtf,available,2.98,49.48,medium,low,10,namecheap,,,21/09/2026 18:21
cc49bf67-9cd2-4043-abd8-a08e8f94af2b,wormy.wtf,available,2.98,49.48,medium,low,5,namecheap,,,13/08/2026 06:43
b890e141-2e31-47f9-a185-ad757b60c7e0,bandleader.wtf,available,7.49,36.49,high,low,10,namesilo,,,22/09/2026 01:25
d18d7b5e-f9ec-4748-a33d-aae1f2c33b65,renewing.wtf,available,2.98,49.48,high,low,8,namecheap,,,09/09/2026 14:06
c011fb6b-f939-43f4-9287-f594b005ef15,antioxidant.wtf,available,5.99,,high,low,11,name.com,,,
764e1233-1967-4267-a7da-7c44c5ee58db,accolade.wtf,available,7.49,36.49,high,low,8,namesilo,,,16/09/2026 22:45
52c55dcc-3032-4fad-980f-eb6d1cb01a45,addin.wtf,available,7.49,36.49,high,low,6,namesilo,,,17/09/2026 06:37
5b741b56-fe7b-428e-adba-6c69aec82a2d,include.wtf,available,5.99,,high,low,7,name.com,,,
4fc1ba97-00ae-4826-8bb9-9a1176e2d962,monoatomic.wtf,available,2.98,49.48,medium,low,10,namecheap,,,25/08/2026 04:18
f11af172-9255-436d-85d2-9935668cddf3,bergenia.wtf,available,7.49,36.49,medium,low,8,namesilo,,,23/09/2026 09:20
2c7a0e76-af3b-46b7-8931-af056f7989b3,irregular.wtf,available,2.98,49.48,high,low,9,namecheap,,,25/09/2026 11:26
be09b61e-f61e-47f3-a3ae-37af142e5e34,amalgamate.wtf,available,7.49,36.49,high,low,10,namesilo,,,22/09/2026 03:01
17c58a44-e653-459e-aed9-e96deba23929,chairperson.wtf,available,5.99,,high,low,11,name.com,,,
5509ee97-1bff-47ea-b4a3-6d8e60a15308,backslider.wtf,available,2.98,49.48,medium,low,10,namecheap,,,21/09/2026 15:58
52638c72-62bc-473d-a118-dfbca41d209d,except.wtf,available,5.99,,high,low,6,name.com,,,
1eeac2f0-fe9a-48c3-958c-7dea73329b00,daunting.wtf,available,3.99,46.99,medium,low,8,name.com,,,13/08/2026 18:48
9cefa60d-70a6-48ce-a77d-db42ab07ab95,dorchester.wtf,available,2.98,49.48,medium,low,10,namecheap,,,27/09/2026 07:30
54bb5925-f9b8-4f0c-979d-45726de56421,agitprop.wtf,available,2.98,49.48,medium,low,8,namecheap,,,17/09/2026 18:14
76b45aab-c47e-4706-960a-8dbb045270d1,lid.wtf,available,7.49,36.49,high,low,3,namesilo,,,24/09/2026 13:43
cf598740-3c4b-4a38-96b5-6c5daa77ef2f,joyously.wtf,available,2.98,49.48,high,low,8,namecheap,,,14/09/2026 21:30
d2bfd1af-6d32-4e55-bdbf-c9c451290ea1,maniacal.wtf,available,2.98,49.48,medium,low,8,namecheap,,,24/08/2026 14:55
43759287-380c-4e3f-bc92-db56f9a60a33,behrens.wtf,available,7.49,36.49,high,low,7,namesilo,,,23/09/2026 03:56
fda15082-4393-4eca-b45c-d18fe9357f62,reluctant.wtf,available,2.98,49.48,medium,low,9,namecheap,,,24/08/2026 08:21
78cb100f-66c1-468a-b69b-588af9f13682,jazz.wtf,resell,,,high,low,4,"Sav.com, LLC - 1",11/01/2026 15:16,11/01/2027 15:16,26/09/2026 06:59
e3c447de-5bc0-46d0-aa5e-44c233449ec4,uncarved.wtf,available,2.98,49.48,medium,low,8,namecheap,,,12/09/2026 04:48
c569b1ad-86ce-420b-8753-abb0efc266a2,disorganized.wtf,available,5.99,,high,low,12,name.com,,,
3f370b84-2eaf-49e0-9b82-7d74c999f9ed,triune.wtf,available,2.98,49.48,medium,low,6,namecheap,,,11/09/2026 20:12
f0145636-ef3f-4a27-9f1f-8033922480e6,excited.wtf,available,7.49,36.49,high,low,7,namesilo,,,24/09/2026 15:55
81cd895e-d945-40fc-ae3e-f6d97f6becc1,biplane.wtf,available,2.98,49.48,high,low,7,namecheap,,,23/09/2026 19:18
f02e86e1-6796-405f-8e74-2738c60a607c,fiberoptic.wtf,available,2.98,49.48,high,low,10,namecheap,,,18/08/2026 03:12
21f24ba4-21d2-476b-b47a-003807b83e1b,beneficial.wtf,available,2.98,49.48,high,low,10,namecheap,,,09/08/2026 14:24
3f1e86f2-9ea9-41df-b0a2-4d01532d727f,adam.wtf,available,,,high,high,4,,,,
d2990819-4741-4601-8bbd-6fa988aba16d,appointee.wtf,available,7.49,36.49,medium,low,9,namesilo,,,19/09/2026 21:58
bc74313d-2364-4bb7-9a44-680e4a9ab94d,kitchen.wtf,resell,,,high,low,7,"GoDaddy.com, LLC",11/02/2025 22:21,11/02/2027 22:21,26/09/2026 07:05
8f78fcd8-fce4-4b22-8957-54763586999e,troglodyte.wtf,available,2.98,49.48,medium,low,10,namecheap,,,09/09/2026 11:43
79d35cb8-fa2c-462b-9a92-c98cb7fa9075,cappuccino.wtf,available,5.99,,high,low,10,name.com,,,
23495905-fabe-44a6-985a-b65b36108baa,adamance.wtf,available,7.49,36.49,medium,low,8,namesilo,,,17/09/2026 06:15
17df07e9-d298-4510-bc0b-c415cda75ee8,adviser.wtf,available,5.99,,high,low,7,name.com,,,
a218f82e-d754-4422-a8f3-298f910af674,responds.wtf,available,7.49,36.49,high,low,8,namesilo,,,20/09/2026 08:24
ec37549a-8dd9-4bd1-a1c0-8c54011df0fe,quizzes.wtf,available,7.49,36.49,medium,low,7,namesilo,,,18/09/2026 17:07
68955743-b070-4ab9-beea-0ffba11bcded,blenheim.wtf,available,7.49,36.49,medium,low,8,namesilo,,,24/09/2026 05:52
bc31ae21-78d0-4f92-a625-8733b7b8c192,implausible.wtf,available,5.99,,medium,low,11,name.com,,,
83d9981e-7735-41fe-b39a-a6e771342e01,untreated.wtf,available,2.98,49.48,medium,low,9,namecheap,,,12/09/2026 21:44
7a3f87ad-8045-4873-9fcc-8c16c517d64c,errors.wtf,available,7.49,36.49,medium,low,6,namesilo,,,17/09/2026 17:09
79373c3e-b171-43c2-b257-de21fd363bfe,laffer.wtf,available,7.49,36.49,medium,low,6,namesilo,,,20/09/2026 10:59
177baaa3-ea4c-4766-bfef-aee636e4031a,coolly.wtf,available,5.99,,medium,low,6,name.com,,,
8b9c985f-b37d-4b5b-83c3-1afee44fa779,leonine.wtf,available,2.98,49.48,medium,low,7,namecheap,,,22/08/2026 23:57
ed26bcc9-0c18-45c3-9632-6ef89f75763e,wedding.wtf,premium,242,242,high,low,7,namesilo,,,
ea4cf6e3-f620-4dc5-b433-3f0a75b67a8d,cordial.wtf,available,2.98,49.48,high,low,7,namecheap,,,21/09/2026 21:39
5932de07-4adc-4b1d-96fe-85aac7fea069,disheveled.wtf,available,2.98,49.48,medium,low,10,namecheap,,,14/08/2026 10:56
da874015-b62d-43ec-856a-1e868949eef3,praise.wtf,available,5.99,,high,low,6,name.com,,,
eea29e73-d0d8-463e-82bc-e825c25e3cb8,opencast.wtf,available,2.98,49.48,medium,low,8,namecheap,,,04/09/2026 16:08
f47b67dd-58c2-4b9a-89df-d0deac5237e6,beet.wtf,available,7.49,36.49,high,low,4,namesilo,,,23/09/2026 01:49
16247f6f-3f14-47a4-a5ad-698726c8b770,notices.wtf,available,7.49,36.49,medium,low,7,namesilo,,,20/09/2026 07:18
b30bc597-b56b-4e20-8c87-23aea3455feb,solely.wtf,available,2.98,49.48,high,low,6,namecheap,,,
35ddbaea-2080-49a9-a3fd-1f161a9c1d02,abilene.wtf,available,7.49,36.49,high,low,7,namesilo,,,16/09/2026 15:54
f265feb9-fb13-42fb-98fb-c607855149ec,bittern.wtf,available,7.49,36.49,medium,low,7,namesilo,,,23/09/2026 23:02
f680a2f4-889f-4b99-8e3f-6b8ea220fc0c,makeover.wtf,available,5.99,,high,low,9,name.com,,,
7d6aa2f5-33e9-40c7-b3da-3006d14df55d,lingual.wtf,available,2.98,49.48,high,low,7,namecheap,,,23/08/2026 15:07
30970dd5-1182-47ef-9fbb-3d65abd8906e,bordered.wtf,available,2.98,49.48,high,low,8,namecheap,,,22/09/2026 23:55
2c8f5a7c-c9bb-4e69-9ff6-33491a1fe52b,reputable.wtf,available,2.98,49.48,high,low,9,namecheap,,,09/09/2026 14:45
38ef88da-71f5-4dc0-b853-f217ea0413c3,umpire.wtf,available,2.98,49.48,high,low,6,namecheap,,,20/09/2026 00:47
6fe17ac2-d43a-4ddc-9f5e-baa8319e113d,coagulate.wtf,available,2.98,49.48,medium,low,9,namecheap,,,12/08/2026 13:27
39871f34-f3b3-494c-809a-53f55b2559ec,equid.wtf,available,2.98,49.48,medium,low,5,namecheap,,,17/08/2026 11:47
522792ee-eeca-4574-9e19-5e81318b8033,tonsorial.wtf,available,2.98,49.48,medium,low,9,namecheap,,,11/09/2026 17:12
ca324d44-aaef-4422-9b76-0b5b542623a9,ive.wtf,available,,,medium,low,3,,,,
4f92ae3e-56d4-491e-8686-23790915f7d4,eroticism.wtf,available,7.49,36.49,medium,low,9,namesilo,,,18/09/2026 16:10
e2759e6a-76b7-4382-8c3a-07b9d576fc7d,improve.wtf,available,5.99,,high,low,7,name.com,,,
1b67d75e-bc2e-4aea-93e0-6b85f8768c08,closeout.wtf,available,5.99,,high,low,9,name.com,,,
3453ca6f-f979-4894-92bb-fa9dc1f814a5,filar.wtf,available,2.98,49.48,medium,low,5,namecheap,,,18/08/2026 04:10
9916704c-acab-4dda-90d7-ba89c360e6a6,enlighten.wtf,available,5.99,,high,low,9,name.com,,,
89e1bb98-b020-42aa-b5e2-43d775e033b8,ayurveda.wtf,resell,,,high,low,8,"Sav.com, LLC - 14",03/09/2025 15:15,03/09/2027 15:15,26/09/2026 04:11
06baa956-cc4f-4262-95ac-f6cb4b24ad87,subversive.wtf,resell,,,high,low,10,"GoDaddy.com, LLC",01/09/2025 12:54,01/09/2027 12:54,26/09/2026 09:23
aef4d82f-f555-4859-bc7d-ce677163ab1b,channels.wtf,available,5.99,,high,low,8,name.com,,,
eeaa0aca-7153-433c-9739-ec94226ba418,qtips.wtf,available,7.49,36.49,medium,low,6,namesilo,,,17/09/2026 10:12
813c201b-d4f6-43d8-801f-6204de0c212b,probing.wtf,available,2.98,49.48,high,low,7,namecheap,,,22/08/2026 06:21
089952b1-c0ed-40fa-8a8c-a5cc716ea5a4,glissando.wtf,available,2.98,49.48,high,low,9,namecheap,,,14/09/2026 21:37
f2a26f4c-ec08-429b-993f-94fa6fb9cda4,breeds.wtf,available,2.98,49.48,medium,low,6,namecheap,,,20/09/2026 01:09
64e2b522-9034-4747-a5e0-98053339a2ad,inocor.wtf,available,2.98,49.48,medium,low,6,namecheap,,,18/09/2026 23:58
4d4b4455-3335-448c-8fa2-7c4145f9cebc,vulnerable.wtf,available,2.98,49.48,high,low,10,namecheap,,,13/09/2026 07:24
31f891e8-f5be-4ce4-941f-5dd886b2f336,termination.wtf,available,2.98,49.48,high,low,11,namecheap,,,04/09/2026 07:49
e801a785-a601-422d-9c72-ada02a40ef53,articled.wtf,available,2.98,49.48,medium,low,8,namecheap,,,06/08/2026 08:28
7cab4f6c-7931-473d-9e05-aa293f5fa0ff,speckless.wtf,available,2.98,49.48,medium,low,9,namecheap,,,21/08/2026 20:42
cebf5dda-3cca-4797-9d14-c1afc3b9b639,agreement.wtf,available,7.49,36.49,high,low,9,namesilo,,,16/09/2026 22:51
1af82791-02d2-4f4d-9af2-f7e0f9f65c56,greek.wtf,premium,118.8,118.8,high,low,5,namesilo,,,08/09/2026 07:29
7fda83b4-9d2c-4f29-b088-a056e22bbf98,recession.wtf,available,7.49,36.49,high,low,9,namesilo,,,27/09/2026 10:55
0af1458b-19c2-4e71-91ad-d0f2be5f9be3,bernoulli.wtf,available,7.49,36.49,medium,low,9,namesilo,,,23/09/2026 09:57
a3c1c1e0-797e-467a-a2b4-3de2d8bc3807,altruism.wtf,available,5.99,,high,low,8,name.com,,,
0128d544-7c73-4a77-bc4a-0efdddf1cae6,commodious.wtf,available,2.98,49.48,high,low,10,namecheap,,,12/08/2026 19:10
3bc59b06-7671-4217-94c3-4924f9881e0b,wulfila.wtf,available,7.49,36.49,medium,low,7,namesilo,,,23/09/2026 21:57
ece71777-a860-402c-bc98-1c001a60ab56,partners.wtf,premium,118.8,118.8,high,low,8,namesilo,,,
66aa3530-94fc-4950-b342-ff1fa488601e,alehouse.wtf,available,7.49,36.49,high,low,8,namesilo,,,18/09/2026 05:01
5b079b7a-dec4-4eec-b4eb-1c54b5392ac5,boots.wtf,available,,,high,low,5,,,,
45986b57-738e-4063-9a44-17a58832b1d3,trophy.wtf,available,5.99,,high,low,6,name.com,,,
bafd53f6-c305-4269-a7e2-52f17cba95ed,tush.wtf,available,2.98,49.48,medium,low,4,namecheap,,,09/08/2026 11:45
2c33c254-ff6c-436d-b6ac-d88334332c88,morrison.wtf,available,7.49,36.49,high,low,8,namesilo,,,25/09/2026 04:14
386c645e-246f-4085-a546-a16eedecd74b,prn.wtf,available,2.98,49.48,medium,low,3,namecheap,,,13/09/2026 21:26
41e6d2c4-46b4-4be2-b84c-b40a0dd38f77,awning.wtf,available,7.49,36.49,high,low,6,namesilo,,,21/09/2026 10:12
6d4f72a2-5dad-48af-992d-04ee9bc580dc,anhydride.wtf,available,7.49,36.49,medium,low,9,namesilo,,,19/09/2026 08:24
8fd1e066-401c-4806-934b-b6ecc7d775e7,myspace.wtf,available,,,high,medium,7,,,,
ddfcffa2-8584-4a63-931a-97eec3cb51c1,chordate.wtf,available,2.98,49.48,medium,low,8,namecheap,,,12/08/2026 07:12
9af50a7a-b83c-437b-9fe3-45e72177873c,charger.wtf,available,2.98,49.48,high,low,7,namecheap,,,22/09/2026 14:35
5ce56517-6cbb-4787-a906-6d0ee03a639f,grungy.wtf,available,2.98,49.48,low,low,6,namecheap,,,09/08/2026 09:36
f1bfac52-ab4a-4010-8c8f-b1f0243fd6a1,meshed.wtf,available,2.98,49.48,medium,low,6,namecheap,,,24/08/2026 20:57
9d062095-84c8-4912-9771-d21bbfb8ba4d,crowned.wtf,available,2.98,49.48,high,low,7,namecheap,,,13/08/2026 08:34
efea3eb9-2ec4-4431-8d7d-65ec51118c70,murillo.wtf,available,7.49,36.49,high,low,7,namesilo,,,22/09/2026 09:24
b732c296-a127-49fc-bd1f-d5cd4c108c01,command.wtf,resell,,,high,low,7,"Sav.com, LLC - 33",01/12/2025 15:15,01/12/2026 15:15,26/09/2026 05:08
cb09cb36-b5a8-4439-93af-a06626f92660,decided.wtf,available,2.98,49.48,high,low,7,namecheap,,,13/08/2026 21:20
e80332b9-7d5a-49cf-8c57-93498fc570b0,activeness.wtf,available,7.49,36.49,medium,low,10,namesilo,,,17/09/2026 05:11
7c18985c-f581-4cbf-9caa-da0502f617d3,archosaur.wtf,available,2.98,49.48,medium,low,9,namecheap,,,06/08/2026 15:57
d0080080-f2de-4605-a64b-763896f722ec,alluvion.wtf,available,7.49,36.49,medium,low,8,namesilo,,,18/09/2026 12:21
096e34fd-a74c-4c52-98e0-d8f9f1cce682,tutelary.wtf,available,2.98,49.48,medium,low,8,namecheap,,,13/08/2026 12:21
63935055-19a7-471c-9d71-ddffb0878352,tritely.wtf,available,2.98,49.48,low,low,7,namecheap,,,16/09/2026 09:30
9c083527-2dd9-4c70-84e3-bfc57a628f64,somerset.wtf,available,2.98,49.48,high,low,8,namecheap,,,18/08/2026 08:27
c107b8a0-25e0-4414-a15f-0a5e98cc3d11,outlook.wtf,available,,,high,high,7,,,,
bf31834a-3c84-4d53-9ba9-3e4a69823d3f,catatonic.wtf,available,2.98,49.48,medium,low,9,namecheap,,,11/08/2026 21:14
80fb566a-1485-409c-9731-3aa8dc14df91,afield.wtf,available,2.98,49.48,medium,low,6,namecheap,,,13/09/2026 17:59
1546ef50-fb7c-48c2-8fa5-849df9034c76,attar.wtf,available,2.98,49.48,medium,low,5,namecheap,,,20/09/2026 19:21
38c21792-09d9-4054-81a6-89fb196a9113,brinjal.wtf,available,2.98,49.48,high,low,7,namecheap,,,21/09/2026 02:34
c0243676-c298-4c1c-9d78-ac659004e7c7,bibos.wtf,available,7.49,36.49,low,low,5,namesilo,,,23/09/2026 13:02
73a234db-53e9-44b2-8ae8-065a4bdb59d6,ramate.wtf,available,2.98,49.48,medium,low,6,namecheap,,,11/08/2026 02:17
abe78811-c430-4728-90bb-58a64e12d279,resect.wtf,available,2.98,49.48,medium,low,6,namecheap,,,17/08/2026 15:12
4908d9f8-065d-4652-8bcf-cd3c6d7eb65d,actuarial.wtf,available,2.98,49.48,high,low,9,namecheap,,,
f51f635e-ab43-4b72-afb8-13e6d474c886,hereto.wtf,available,2.98,49.48,medium,low,6,namecheap,,,15/09/2026 00:34
17188ca8-9f06-4de7-8b8c-b46c20b434ca,touring.wtf,available,5.99,,high,low,7,name.com,,,
88ca8dab-d7cd-47a2-a4c7-3ed0ea29edc4,lexington.wtf,premium,78.54,78.54,high,medium,9,namesilo,,,25/09/2026 08:56
a3aa749e-a2f1-4b5c-bc73-7e5553b0faf2,interests.wtf,available,7.49,36.49,high,low,9,namesilo,,,25/09/2026 16:44
98ab696a-ed9f-43cd-a790-8a0c9b15618c,seaworthy.wtf,available,2.98,49.48,high,low,9,namecheap,,,10/09/2026 01:05
57a53bdb-deb1-4d43-aaa3-b997918031ff,unnatural.wtf,available,2.98,49.48,medium,low,9,namecheap,,,
592ab9af-1fd6-462f-a308-e35162522ca5,airfoil.wtf,available,7.49,36.49,medium,low,7,namesilo,,,17/09/2026 12:59
e0f10809-1d76-4211-9ceb-e59965b162b7,observant.wtf,available,2.98,49.48,high,low,9,namecheap,,,22/08/2026 21:19
a7cccd8f-fdb0-4023-9236-f59783082538,tearless.wtf,available,2.98,49.48,medium,low,8,namecheap,,,14/08/2026 20:31
d35e23eb-9035-4a9e-b759-447928f95add,bracket.wtf,available,7.49,36.49,high,low,7,namesilo,,,19/09/2026 06:22
4963ee95-422f-4d28-ba0e-25f6deac7a80,delegation.wtf,available,2.98,49.48,high,low,10,namecheap,,,24/09/2026 21:32
bacc9d0f-db4d-4c59-9110-7c64168e4de0,childcare.wtf,available,2.98,49.48,high,low,10,namecheap,,,24/09/2026 14:36
1b5fe236-c10e-4859-97e9-5f1d433c56b5,beleaguer.wtf,available,7.49,36.49,medium,low,9,namesilo,,,21/09/2026 17:03
8e3d87ee-523e-4825-8e46-3cd0ad24a428,singsong.wtf,available,2.98,49.48,high,low,8,namecheap,,,12/08/2026 02:09
b262470e-8c62-4b89-8e6b-f01096f5d0aa,charily.wtf,available,2.98,49.48,medium,low,7,namecheap,,,14/09/2026 06:17
811cf978-92c1-43ec-8dfc-7539785c8be9,astronomer.wtf,available,2.98,49.48,high,low,10,namecheap,,,20/09/2026 18:04
ccf44bfe-c37a-420e-8427-b96f2d5c6f60,unhatched.wtf,available,2.98,49.48,medium,low,9,namecheap,,,12/09/2026 12:05
bb19f6b1-7581-4afd-8c38-1ecd0bb215c7,aliform.wtf,available,2.98,49.48,medium,low,7,namecheap,,,
8686c418-8928-47e2-8785-61955acd0b55,shed.wtf,available,7.49,36.49,high,low,4,namesilo,,,23/09/2026 12:18
d8525430-543a-43e7-8fae-f7f623d9645e,shrek.wtf,available,,,high,medium,5,,,,
d4f42c69-f8ef-404c-830e-ef186e6d9722,romanist.wtf,available,2.98,49.48,medium,low,8,namecheap,,,05/09/2026 01:28
49ddd97e-c320-4302-8df6-397b9b038ecf,brainsick.wtf,available,2.98,49.48,low,low,9,namecheap,,,11/08/2026 01:45
64643808-4027-4390-9d37-08ab120920ee,earthly.wtf,available,2.98,49.48,high,low,7,namecheap,,,14/08/2026 22:42
9f61ab05-83d5-415e-b808-bdde41fe3782,unpolished.wtf,available,2.98,49.48,medium,low,10,namecheap,,,18/08/2026 20:45
9d35ecd5-5d97-4ca0-9580-477b64e43172,ajax.wtf,available,2.98,49.48,high,low,4,namecheap,,,17/09/2026 23:41
ce82009e-4ce5-49db-b7bf-51ccafdc0834,maggie.wtf,available,7.49,36.49,high,low,6,namesilo,,,25/09/2026 11:56
c116d9c3-20e0-4701-8bd1-e3b60d45d8ae,bsarch.wtf,available,7.49,36.49,medium,low,6,namesilo,,,21/09/2026 14:16
9251dd36-78ea-4d03-b47f-35c51b88e492,banshee.wtf,available,7.49,36.49,high,low,7,namesilo,,,22/09/2026 03:09
c93d34f4-ed68-43b0-9637-fd14037027f6,mod.wtf,premium,78.54,78.54,high,low,3,namesilo,,,27/09/2026 06:58
1f8846e8-e2c3-4397-9adc-c2de89c0c6f1,curie.wtf,available,2.98,49.48,high,low,5,namecheap,,,12/08/2026 08:00
c3e1a168-6001-4989-807a-1d6670c11d83,bassoonist.wtf,available,2.98,49.48,medium,low,10,namecheap,,,22/09/2026 12:33
52879b68-fa2f-46d8-9cf8-dd487a18dfd1,packaged.wtf,available,2.98,49.48,high,low,8,namecheap,,,04/09/2026 22:44
de4c2e38-5aa6-4a05-b51e-116fa5806ff6,resolvent.wtf,available,2.98,49.48,medium,low,9,namecheap,,,10/09/2026 13:54
a685dec0-f47b-435e-a940-f4b10be17005,boloney.wtf,available,2.98,49.48,medium,low,7,namecheap,,,21/09/2026 23:45
fdaa2c70-4d1f-48f5-8cfd-0a021ded0224,homing.wtf,available,2.98,49.48,medium,low,6,namecheap,,,21/08/2026 12:35
8e81c424-4cb0-4828-aee4-01356e532332,amenra.wtf,available,2.98,49.48,medium,low,7,namecheap,,,18/09/2026 18:32
93e1dcb7-f7e4-43f2-a38a-01618c55ca23,araroba.wtf,available,2.98,49.48,medium,low,7,namecheap,,,20/09/2026 00:14
a7a7fa70-f811-4142-adc6-9ccae3176656,billings.wtf,available,7.49,36.49,high,low,8,namesilo,,,23/09/2026 16:32
28fdb7a6-382a-4b93-a986-5412bde65d6c,starter.wtf,available,2.98,49.48,high,low,7,namecheap,,,24/09/2026 19:47
fee07c98-868f-4a17-9836-ea29e5488d54,scalable.wtf,available,2.98,49.48,high,low,8,namecheap,,,09/09/2026 22:15
d358d3e5-d4bd-4bf3-a543-a88f944fe50b,lunchtime.wtf,available,5.99,,high,low,10,name.com,,,
e64837ae-bfd5-4519-9e5f-0f91c6a6e9ed,brings.wtf,available,7.49,36.49,medium,low,6,namesilo,,,18/09/2026 15:15
9f6bc35d-4da7-45f9-908b-d8e1df77f3a7,dirigible.wtf,available,2.98,49.48,medium,low,9,namecheap,,,14/08/2026 09:02